	text_clean	Stance	user.name	
0	â€¼ï¸Progetto per incorporare un antigene del coronavirus nel vaccino MMR per produrre l'immunitÃ  COVID-19 nei bambini âš ï¸ Il vaccino MMR Ã¨ giÃ  stato associato a tutta una serie di eventi avversi neurologici, incluso l'autismo.     	3	â›”ï¸LVOGRUPPOâ›”ï¸	
1	"Vaccino MMR e porpora trombocitopenica idiopatica  ""...diagnosi di PTI da una popolazione di base di bambini di etÃ  inferiore a 6 anni tra gennaio 1988 e dicembre 1999""  (ITP e VACCINAZIONE la vaccinazione Morbillo Parotite e Rosolia (MMR) nei bambini) "	4	Scripta manent	
2	Video Vaccino MMR :si e' spenta la luce nel mio bambino.I genitori raccontano che il loro bambino era sano e comunicativo fino al giorno in cui ha fatto il vaccino MMR,che  ha dimostrato di provocare l'autismo nei bambini attraverso la sindrome delle perdite intestinali 	3	Vito	
3	Il #DrAndrewWakefield e le correlazioni tra vaccini MMR e autismo! 	3	Silvio Zonzini	
4	Vaccini: Paralisi del terzo nervo parziale dopo la vaccinazione MMR 	3	Bianconiglio ğŸ‡®ğŸ‡¹ ğŸ‡ºğŸ‡¸â­ï¸â­ï¸â­ï¸	
5	Coronavirus, protezione da vaccino trivalente morbillo-parotite-rosolia (Mmr)? Studio su mBio 	4	Salutedomani	
6	Il vaccino Mmr utile contro il Covid: lo studio americano  #notizie #sapevatelo	1	Notizie.it	
7	Scoperta Scioccante: Centinaia di Geni del Cancro sono Deliberatamente Ingegnerizzati nel vaccino MMR 	3	paolo	
8	UK Vaccino MMR,morbillo parotite rosolia ,non solo i sieri coviddi creano danni e si sa 	3	GiulianoZğŸ‡®ğŸ‡¹ğŸ‡·ğŸ‡º	
9	#vaccini Â«Lâ€™#MMR difettoso di #Merck starebbe attualmente causando pericoloseÂ epidemie di parotiteÂ in adulti compleâ€¦ 	3	stefano	
10	Londra. 40 bambini uccisi dal vaccino MMR, la realtÃ  potrebbe essere 10 volte piÃ¹ grave 	3	Ufo Alieni	
11	Appena scoperto che devo fare il richiamo del vaccino mmr perchÃ© ho il titer degli anticorpi per il morbillo basso	4	cam	
12	Associazione Corvelva - Il Giappone Ã¨ all'avanguardia: nessun obbligo vaccinale e nessun vaccino MMR = bambini piÃ¹ sani 	3	Anna....	
13	La somministrazione del vaccino Mmr (morbillo, parotite, rosolia) potrebbe servire come misura preventiva per smorzare l'infiammazione settica associata all'infezione da Covid-19	4	Vana B.	
14	Lâ€™anno scorso erano morti due bambini poco dopo essere stati #vaccinati (vaccino #MMR) e le vaccinazioni erano statâ€¦ 	3	RIP-MRU	
15	La triste storia Ã¨ questa:  Lâ€™anno scorso erano morti due bambini poco dopo essere stati vaccinati (vaccino MMR) eâ€¦ 	3	Nicola Montaquila	
16	â€œStavamo spingendo per fare un vaccino per neonati e bambini con l'idea che se potessimo incorporare il vaccino COVID contro la parotite nel vaccino MMR,	5	Enrico Farabollini	
17	ğŸ”´ DAL 1994 CDC USA  GOVERNO GRAN BRETAGNA E OMS  SAPEVANO PRESENZA RETROVIRUS IN VACCINO TRIVALENTE MMR O MPR. â¬‡ï¸â¬‡ï¸â¬‡ï¸ğŸ”´ğŸ”´ğŸ”´â¬‡ï¸â¬‡ï¸â¬‡ï¸ 	3	LucillağŸ–¤âœ¨ğŸ€	
18	Il fatto Ã¨ che ci sono ampie prove di un legame, non solo tra MMR e autismo, ma tra  vaccini, autismo e autoimmunitÃ  in  senso lato. 	3	Nadia #Bibbiano#LibertÃ DiScelta#StopMes	
19	Alcuni scienziati prevedono in futuro di incorporare un antigene del coronavirus nel vaccino contro il morbillo-parotite-rosolia (MMR) in modo da far produrre l'immunitÃ  COVID-19 nei bambini.   	4	PippipapÃ¨ro	
20	#epatite Qui nel Regno Unito le vaccinazioni non sono obbligatorie, sono solo Â«raccomandateÂ». Tra le vaccinazioni raccomandate c'Ã¨ anche la famigerata Mmr, una vaccinazione tripla per morbillo, rosolia e altro. Partite da qui.	1	Come Dio zoppico	
21	Dati del sistema sanitario svedese (NHF) hanno rivelato frequenti e â€œgravi reazioni avverseâ€ al vaccino MMR (morbillo, orecchioni e rosolia). Tali reazioni sono specificate anche nel foglietto informativoÂ del #vaccino 	3	Pierluigi Selvatici	
22	risposta immunitaria che genererÃ  anticorpi protettivi, ma non Ã¨ abbastanza forte da far ammalare un individuo. I vaccini contro la parotite e la rosolia del morbillo (MMR) e la febbre gialla includono entrambi il virus attenuato, per esempio.	4	ğŸ¬ğ˜„ğ—»ğ—²ğ—±	
23	#Gsk annuncia di aver ricevuto lâ€™approvazione dalla Fda per il vaccino #Priorix per lâ€™immunizzazione attiva per la prevenzione di morbillo, parotite e rosolia (MMR) in soggetti di etÃ  pari o superiore a 12 mesi 	4	AboutPharma	
24	Dieci anni fa oggi, The Lancet ritirÃ² l'articolo fraudolento del 1998 di Andrew Wakefield che sosteneva che il vaccino MMR causasse l'autismo. Wakefield, tra le altre cose, eseguÃ¬ procedure in modo non etico, inventÃ² e manipolÃ² dati #SÃ¬Vax #VaccinesSaveLives #VaccinesWork	1	Mauro Corrado	
25	una nuova scioccante indagine sul sequenziamento dei geni ha scoperto che i vaccini MMR sono deliberatamente ingegnerizzati x causare cancro come modello di business ripetuto x BigPharma, che produce vaccini e farmaci x il trattamento del cancro x il profitto	3	Marino Danielis	
26	29/07/2015, Bill Posey espone alla Camera dei Deputati l'inganno svelato da un informatore dei CDC in merito alla correlazione tra autismo e vaccino MMR: Â«Abbiamo programmato incontro per distruggere i documenti di studio vaccino autismoÂ» 	3	stefano	
27	"Adesso sembra che contro il #COVID19 potrebbe risultare efficace un vaccino in commercio dal '1979 ovvero il trivalente morbillo-parotite-rosolia (Mmr); questa Ã¨ la conferma che con la caduta della I Repubblica il paese Ã¨ andato sempre piÃ¹ alla deriva... #Governodincapaci"	4	Luigi Giuseppe Papaleo	
28	Giapponesi senza vaccini piÃ¹ longevi e con piÃ¹ basso tasso di mortalitÃ  infantile sul pianeta.Elenco reazioni avverse a vaccino MMR(morbillo,rosolia,parotite)si puÃ² leggere sui bugiardini:..sorditÃ ,diabete,encefalite,convulsioni febbrili,polmonite e morte 	3	LupoCorona5ğŸŒŸ	
29	Una nuova scioccante indagine sul sequenziamento dei geni ha scopertoÂ che i vaccini MMR sono deliberatamente ingegnerizzatiÂ per causare il cancro come un modello di business ripetuto perÂ Big Pharma, che produce vaccini e farmaci per il trattamento del cancro per il profitto.	3	Loenzo113@	
30	Affermare che il vaccino antinfluenzale possa rafforzare il Covid Ã¨ un reato, tuttavia, dichiarare che il vaccino MMR possa renderlo meno mortale Ã¨ invece consentito. LoStudioâ„¢ Ã¨ condotto su 255 persone, se mi chiedete quanto possa essere attendibile. 	3	Ozymandias	
31	Dopo il teatrino odierno di luc #Montagnier una collezione di Bufale d'autore:  #scicomm    BUFALA 1: Il vaccino MMR causa autismo: articolo con dati manipolati sul Lancet, la piÃ¹ autorevole rivista scientifica di virologia, pubblicato nelâ€¦  	1	Carlo Gubitosa	
32	Si Ã¨ scoperto che i vaccini MMR contengono la sequenza genica completa di uno specifico bambino umanoÂ (abortito) i cui geni sono stati modificati per esprimere il cancro.Â In tutto, piÃ¹ di 500 geni sono stati alterati per aumentare lâ€™espressione del cancro.  Il CDC ammette !	3	Loenzo113@	
33	Il Dr. Andrew Wakefield ipotizza la correlazione tra vaccino MMR (Morbillo, Parotite, Rosolia) e una forma rara di autismo, sulla base delle testimonianze di alcuni genitori i cui bambini, tra i 18 mesi e i 2 anni, hanno ricevuto l'iniezione nel Regno Unito. 	3	Renata	
34	#Samoa 2 bambini muoiono pochi minuti dopo il vaccino #MMR.  Si decide di sospendere le vaccinazioni e aprire un'indagine.  2019 interviene #OMS per obbligare a riprendere le vaccinazioni.  Una settimana dopo, Scoppia una devastante epidemia di morbillo.  	3	stefanQ	
35	Video Il Dr Andrew Wakefield ipotizza la correlazione tra vaccino MMR(morbillo,parotide,rosolia)e una forma rara di autismo sulla base delle testimonianze di alcuni genitori i cui bambini tra i 18 mesi e i 2 anni hanno ricevuto l'inezione nel Regno Unito. 	3	Vito	
36	"Non chiamatemi NO VAX! Ho piÃ¹ vaccini in corpo di un macaco di laboratorio, ho vaccinato i miei figli andando a prendere le fialette a Lugano perchÃ© negli anni 90 non era obbligatoria la MMR in Italia; vaccino i miei cani tutti gli anniâ€¦ questo non lo faccio! "	2	Benedetta Reiser-Gilardini	
37	A volte ci vuole anche un po' di Qlo. Pare che #SARSCoV2 abbia alcune proteine simili a virus rosolia. CosÃ¬ simili che chi ha fatto #vaccino #MMR sembra fareâ€”in mediaâ€”una #COVID19 meno grave. Niente di che maâ€”SE confermatoâ€”un richiamo potrebbe aiutare. 	1	The SciScribbler	
38	la divina comemdia insgena 1974 6 febbraio nasce to_NY la sua ricchezza non ha fine Ã¨ stato al centro di un dibattito pubblico riguardo al vaccino MMR  dove sta la proprieta' privata? abusate dei bambini dalla nascita lascia decidere a me quale religione quale politica 	3	antonio de iesu	
39	Per chi non lo sapesse anche per il MMR e tutti gli altri  vaccini la FDA ha SEMPRE saltato la terza,quarta e quinta fase di sperimentazione perchÃ¨ queste fasi le fanno sui vostri figli e su di voi.Ecco perchÃ¨ ci sono tanti autistici,asmatici e autoimmuni. 	3	ğŸ‡®ğŸ‡¹ #NoWay #ItalEXIT #NOMES STOP ITALY INVASION	
40	Le trombocitopenie per AZ sono1,3 x milione. Il vaccino trivalente (morbille,parotite, risolia) Ã¨ a 33,3, 25 volte tanto. I dati sono AIFA. Come mai per AZ si Ã¨ acatenato ildelirio. mediatico e per il trivalente il silenzio assoluto?#agorarai	3	silvano di giovanni	
41	come affermava mendacemente lâ€™allora ministro Lorenzin)  Chi segue la materia da allora, sa benissimo che il vaccino MPR (morbille-parotite -rosolia) Ã¨ il piÃ¹ devastante e quello con i piÃ¹ alti effetti collaterali, essendo un vaccino a virus vivo attenuato. 2/3	3	Dario Caselli	
42	NON SOLO COVID-19: Il vaccino MPR (Morbillo-Parotite-Rosolia)  Quali sono gli effetti collaterali del vaccino MPR? Come si misurano i rischi di effetti collaterali dei vaccini? Quanto Ã¨ accurata la sorveglianza degli eventi avversi del vaccino MPR?  	3	@cri	
43	Vaccino combinato morbillo, parotite, rosolia (MPR): reazioni avverse e rischi correlati alle malattie. Encefalomielite 1/1000000, trombocitopenia 1/30000. Ritiriamo subito il vaccino MPR!  	5	Francesca Gamba	
44	Quali sono gli effetti collaterali del vaccino MPR? Come si misurano i rischi di effetti collaterali dei vaccini? Quanto Ã¨ accurata la sorveglianza degli eventi avversi del vaccino MPR?  Rispondiamo a qualche domanda...   	3	Corvelva	
45	MAMMEEEEEEE ğŸ¤¦ Quali sono gli effetti collaterali del vaccino MPR? Gli effetti collaterali comuni del vaccino MPR includono febbre,lieve eruzione cutanea e gonfiore delle ghiandole delle guance o del collo. Un effetto collaterale + grave Ã¨ la crisi epilettica, che si verifica in	3	Anna3	
46	I complottisti c'erano pure per il vaccino mpr ğŸ‘	1	ğ—”(Ì·lÌ·eÌ·)Ì·ğ—»ğ—®ğ—¸ğ—¶ğ—»	
47	Convulsioni da vaccino MPR ed epilessia 	3	ğŸ‡®ğŸ‡¹ Krâš†nâš†s ğŸ‡®ğŸ‡¹	
48	FDA Approves Quadrivalent Meningococcal Vaccine MenQuadfi - MPR 	5	Mr. Brian Uberig	
49	Il vaccino trivalente MPR causa l'autismo nei bambini ? 	4	Roberto Di Molfetta	
50	Il vaccino mpr provoca l'autismo? di Roberta Villa 	4	CICAP	
51	#1 Convulsioni da vaccino MPR nei bambini  	3	LiberaScelta.org	
52	Il vaccino MPR protegge dai sintomi gravi di covid? -   	4	Massimo Andretta	
53	MENINGITE ASETTICA ASSOCIATA A VACCINAZIONE DI MASSA CON IL VACCINO CONTRO IL MORBILLO-PAROTITE-ROSOLIA (MPR) 	3	il Bisa ğŸ»	
54	Diego, 3 anni e mezzo. Dopo vaccino mpr diventa autistico. La testimonianza della mamma. #vaccini 	3	Roberta	
55	SAMOA - Due bambini muoiono dopo #mpr perchÃ© i medici hanno sbagliato a ricomporre il vaccino con anestetico scadutâ€¦ 	4	LiberaScelta.org	
56	Durante l'epidemia (in realtÃ  focolaio indotto dal vaccino MPR) di morbillo in California nel 2015, si Ã¨ verificatoâ€¦ 	3	Davide Suraci	
57	VeritÃ  scioccante del vaccino: centinaia di geni del cancro sono deliberatamente ingegnerizzati nel vaccino MPR perâ€¦ 	3	Medic Bunker La veritÃ 	
58	La storia di Christian, un bimbo gravemente danneggiato a 5 anni dopo il richiamo del vaccino MPR. 	3	ElenaElle ğŸ‡®ğŸ‡¹	
59	Madison, prima e dopo la vaccinazione MPR, nel resoconto dei propri genitori #Meloni #draghiPremier  #mario #vaccino #vaccini  	3	.	
60	Sono arrivati i dati per rivalutare l'obbligatorietÃ  della vaccinazione MPR? Siamo in ritardo di un anno. Che si fa? âŒšâ³ #vaccinazioni 	3	GufiÃ±a	
61	Benefici e rischi delle #vaccinazioni  Dati italiani degli ultimi 3 anni sul #morbillo e sul #vaccino #MPR (farmacoâ€¦ 	4	RIV - Rete Informazione Vaccini	
62	ğŸ”¥ğŸ”¥ğŸ”¥ğŸ”¥ğŸ”¥ğŸ”¥ğŸ”¥ğŸ”¥ğŸ”¥ â€œI vaccini possono modificare il genoma umanoâ€  Lâ€™OMS sapeva della presenza di retrovirus nel vaccino trivalente MPR  	3	ItalyQanons â­â­â­ğŸ‡®ğŸ‡¹ğŸ‡ºğŸ‡¸	
63	Video Convulsioni il giorno stesso del vaccino MPR! Storie di bambini un tempo normali a cui e' stato diagnosticato l'autismo. 	3	Vito	
64	Il video del bambino vaccinato | Butac - Bufale Un Tanto Al Chilo #scrivemmounalungaguidaallevaccinazionipediatriche #MPR #novax #Telegram #vaccinazioni #vaccinazionipediatriche #video #20maggio 	1	Parliamo diâ€¦	
65	#vaccini  #reazioniavverse  Il bambino non cammina piÃ¹ come prima e cade spesso dopo il vaccino MPR.  Va tutto beneâ€¦ 	3	#tuttiascuola	
66	Ogni 2 ore un bambino soffre di convulsioni per #vaccino MPR: 1 su 640  Dei 5700 bambini che soffrono di convulsionâ€¦ 	3	CLiVa Toscana	
67	Reazioni avverse al vaccino mpr dallo studio della Regione Pugli su oltre 4000 bambini. Ma non erano 1 su un milionâ€¦ 	3	Roberta	
68	1971 -Â Maurice Hilleman Â (1919-2005), a cui si deve anche la combinazione di vaccini e quindi la nascita, nelÂ 1971, del vaccino trivalenteÂ morbillo-parotite-rosoliaÂ (MPR).	4	Casa â“‚ï¸iki	
69	Morbillino post vaccinazione mpr  (cosÃ¬ sembra piÃ¹ piccino, piÃ¹ carino e coccoloso del morbillo da cui dovrebbe proteggere). Da un gruppo di mamme, oggi. 	3	ElenaElle ğŸ‡®ğŸ‡¹	
70	MENINGITE ASETTICA ASSOCIATA A VACCINAZIONE DI MASSA CON IL VACCINO CONTRO IL MORBILLO-PAROTITE-ROSOLIA (MPR) - Grandeinganno #meningite #asettica #associata #vaccinazione #massa #vaccino #morbillo-parotite-rosolia #grandeinganno  	3	Parliamo diâ€¦	
71	Il vaccino trivalente Mpr, contro morbillo, parotite e rosolia, non ha alcun legame con lâ€™autismo. Lo conferma una ricerca condotta su piÃ¹ di 650mila bambini.  	1	The Vision	
72	Il #vaccino trivalente Mpr, contro morbillo, parotite e rosolia, non ha alcun legame con lâ€™autismo. Lo conferma una ricerca condotta su piÃ¹ di 650mila bambini. Studio #novax contava 12 pazienti. 	1	lucadpaoli	
73	Il 10 gennaio, in Corte Costituzionale si terrÃ  unâ€™udienza pubblica che riguarda gli effetti avversi irreversibili da vaccino MPR, cioÃ¨ quello contro morbillo, parotite e rosolia. Ci spiega il caso l'avvocato Marcello Stanca  	3	Byoblu	
74	La rivista scientifica dell'American Society for Microbiology afferma che il vaccino MPR offre una protezione indiretta contro i sintomi piÃ¹ gravi del Covid-19. L'articolo evidenzia come questo sia in realtÃ  un sospetto, in attesa di verifiche cliniche. 	4	Ozymandias	
75	"ğŸ’‰ğŸ©¸Convulsioni il giorno stesso del vaccino MPR: Storie di bambini un tempo normali a cui Ã¨ stato diagnosticato l'autismo  Andrew Wakefield: ""Nel 1995, i genitori hanno iniziato a contattarmi dicendo: 'I miei figli stavano perfettamente bene. Erano assolutamente normali. "	3	Argo ğŸ‡®ğŸ‡¹ğŸ‡·ğŸ‡º	
76	Dalla deludente risposta del Papa ai familiari delle vittime Covid agli aggiornamenti sulla situazione in Brasile passando per gli effetti avversi al vaccino pediatrico MPR, di cui si parla domani in Corte Costituzionale. Segui il TG di #Byoblu24.   	3	Byoblu	
77	Era il 1998 quando Andrew WakefieldÂ fabbricava la bufala a cui purtroppo credono ancora oggi in molti: sosteneva che esistesse una correlazione tra la somministrazione del vaccino trivalente MPR (morbillo, parotite, rosolia) e l'insorgenza dellâ€™autismo. Come finÃ¬? 	1	Marco ğŸ‡®ğŸ‡¹ğŸ‡ªğŸ‡º ğŸ•ŠğŸ“šğŸƒ	
78	I casi sono molteplici (come donne incinte, immunodepressi) ma per restare al morbillo vi faccio un esempio concreto.  La prima dose di vaccino MPR (che protegge, tra gli altri, dal morbillo) viene fatto tra i 13 ed i 15 mesi di etÃ .  4/n	4	Diabolicus23	
79	PerchÃ© nessuno si oppone al vaccino obbligato MPR (morbillo, parotite, rosolia) ai vostri neonati, se consideriamo che il morbillo ha fatto 13 morti in 3 anni in tutta Italia? E se nascondessero lÃ¬ la sostanza che si attiva col 5G e ammazza tutti?	3	Devis Zanaga	
80	esperti sul ğŸ’‰ MPR Falso Mito  Eâ€™ un mito comune che sia meglio acquisire lâ€™immunitÃ  dalla malattia piuttosto che dalla vaccinazione. VeritÃ  Questa convinzione errata sembra essere basata sulla falsa assunzione che la vaccinazione non conferisca unâ€™immunitÃ  a lungo termine [3].	1	talentedMediocrity	
81	"Ancora la STRONZATA degli anticorpi Ritwittata dalla nostra sospesa preferita PerchÃ© si sa che dopo 10 anni dal mpr non hai piÃ¹ anticorpi per il morbillo, ma nel caso venga a contatto tu "" siringato"" non lo prendi #radiazione #vaccini "	5	Davide Hauner ğŸ‡ªğŸ‡º	
82	"...Lo studio era firmato dallo stesso Wakefield e 11 coautori, in cui venivano correlati il vaccino MPR e lo sviluppo di disturbi dello spettro autistico. Wakefield non ha mai rinnegato la sua ricerca. Oggi una sentenza afferma l'esistenza di un ""nesso causuale"" / #medicieretici"	3	Barbara Raval ğŸ± ğŸ‡®ğŸ‡¹ ğŸ’™ ğŸ¸	
83	"Tampone negativo pure lui, aveva fatto un vaccino (non so se mpr o richiamo esavalente) circa due settimane prima; la moglie/mamma era l'unica ancora in salute ma va a fare il #vaccinoCovid e la notte si alza la febbre, tosse, debolezzağŸ‘‰ influenza. Tampone negativo"	5	Ain âœ¨ğŸ’›âœ¨	
84	avete qualche informazione o articolo in merito al vaccino per il covid?   vi prego Ã¨ importante, lâ€™universitÃ  ci sta chiedendo la partecipazione alla prima dose, essendo un soggetto allergico e avendo avuto una bruttissima reazione allâ€™MPR da piccola vorrei avere info affidabili	2	alice	
85	Il vaccino contro il morbillo potrebbe proteggere dai sintomi piÃ¹ gravi della covid. Il vaccino MPR (morbillo, parotite, rosolia) potrebbe attenuare l'infiammazione eccessiva nelle forme gravi di covid: test clinici diranno se Ã¨ vero.  	4	S. @-M.	
86	"Il problema ""politico"" Ã¨ che nessun ministro della sanitÃ  si sognerebbe di bloccare altri vaccini (MPR, HPV, meningite ecc.) perchÃ¨ non sono a #RischioZero per tenere a bada il popolino (o per altri motivi tipo ""l'ha fatto la Germaniah!""). Draghi Ã¨ ora del benservito ğŸ˜Œ"	5	Rosikone	
87	Andrew Wakefield il criminale che ha dato il via ai no vax di mezzo mondo con le sue fraudolenti ricerche che collegavano il vaccino trivalente MPR con lâ€™autismo. Entra a pieno titolo nel pantheon dei peggiori balordi della storia umana. 	1	Simba |	
88	"Significa che piÃ¹ aumentano i nuovi vaccinati, piÃ¹ si rafforza lo schermo di protezione attorno a chi, per motivi di etÃ  (es. &lt;12 mesi per MPR) o di immunosoppressione (es. chemioterapia o immunodeficit primari), non ha ancora ricevuto o non puÃ² ricevere il vaccino."	1	æ³¨é‡Š	
89	"Ogni tanto leggo che il vaccino anticovid non sarebbe un vaccino ma un ""siero"" ecc. ecc.... ""se fosse davvero un vaccino me lo farei"" Allora il vaccino MPR (consolidato da decenni) lo fai ""no"" Ma un minimo, infinitesimo e microscopico uso della logica? Non pretendo altro. Eh."	1	Metrodoro il Teorematico	
90	La maggior parte delle reazioni avverse sono lievi e si presentano generalmente entro un giorno o due dallâ€™inoculazione(salvo il vaccino MPR e MPRV in cui la febbre e altri sintomi sistemici possono presentarsi da 5 a 12 giorni dopo la vaccinazione), si risolvono rapidamente e	4	letağŸŒ¿	
91	Volete ricordare a Bassetti che il vaccino mpr Ã¨  stato testato da decenni e si distribuisce giÃ   da oltre 30 ai bambini in etÃ   scolastica? Cosa c'entra paragonarlo  al nuovissimo vax mrna  ancora in fase di sperimentazione e distribuito per far fronte ad un'emergenza?#inonda 	1	Karma ğŸ‘±	
92	LaÂ Dr.ssaÂ Judy Mikovits, biochimica e biologa molecolare, afferma in questo video che giÃ  dalÂ 1994Â ilÂ CDC e lâ€™OMSÂ sapevano della presenza di retrovirus nel vaccino trivalente MPR. CiÃ² perchÃ© vi Ã¨ lâ€™enzima trascrittasi inversa presente solo nei retrovirus.  	3	Liliana Colombo â­â­â­â­â­	
93	Vaccino MPR. Primo vaccino contro il morbillo 1963 (con la â€œtecnologiaâ€ di quel tempo). Il morbillo faceva morire 2 milioni di bambini allâ€™anno. Sono sicura che i novax lâ€™abbiano fatto fare ai loro bimbi. La scienza lÃ¬ va bene, per il COVID no. Mah!  	1	Simona â™ï¸ğŸ€ğŸŒ»ğŸŒ¹	
94	Policlinico cittÃ  emiliana: bimbo di 13 mesi deve essere ricoverato per convulsioni e febbre post vaccino MPR: se non fa tampone a lui e alla madre(che aveva fatto 3gg prima al lavoro e negativo) non lo ricoverano.PerciÃ² fatto tampone (bimbo terrorizzato giÃ  da casa visto..1	3	ale Macc	
95	Auguri a Bodgan oggi sono 24 anniâ¤  Danneggiato da vaccino a 7 anni (richiamo MPR), la sua mamma che ho conosciuto, Ã¨ una forza della natura e ha anche scritto un libro di ricette per raccogliere fondi, le cure sono costose, se volete info scrivetemi. 	3	Angy Cocco	
96	Nel 1998 l'ex medico britannico Andrew Wakefield mette in relazione il #vaccino trivalente MPR e la comparsa di #autismo e malattie intestinali. Gli studi sono stati smentiti, ma il messaggio #noVax si Ã¨ diffuso. La guerra dei vaccini, #StaseraInTv su History, canale 407 di Sky. 	1	historyita	
97	Il tasso di trasmissibilitÃ  (Rzero) del #coronavirus  Ã¨ 2,5. Quello del morbillo (che causa esiti ben piÃ¹ gravi) Ã¨ 15.  Il primo vaccino contro il morbillo Ã¨ del 1963 (il trivalente MPR Ã¨ del 1971).  Non ricordo casi di isteria di massa prima degli anni '60  #coronavirusitalia	1	fastidio	
98	Il tasso di trasmissibilitÃ  (Rzero) del #coranavirusitalia Ã¨ 2,5. Quello del morbillo (che puÃ² causare effetti ben piÃ¹ gravi) Ã¨ 15.  Il primo vaccino contro il morbillo Ã¨ del 1963 (quello trivalente MPR Ã¨ del 1971).  Non ricordo casi di isteria di massa prima degli anni '60	1	fastidio	
99	PiÃ¹ ti vaccini meno ti ammali di Covid. Pare questo lo studio del Centro Cardiologico Monzino di Milano. Per quale vaccino? Semplicemente tutti. Antinfluenzale, MPR, HPV ecc ecc. Che poi piÃ¹ che uno studio Ã¨ un ipotesi che necessita di ulteriori studi ad hoc per confermarlo. 	4	Ozymandias	