text_clean	user.screen_name	unique_id	text_clean_english	text_clean_emojistranslated
ma i morti devono farlo lo stesso il vaccino?	diegosaccoman	L_146	but the dead have to do the same vaccine?	but the dead have to do the same vaccine?
Vaccini covid: in Piemonte superata la quota di 9 milioni di dosi somministrate  	RadioGoldAl	Y_134	Covid vaccines: in Piedmont the quota of 9 million doses administered has been exceeded	Covid vaccines: in Piedmont the quota of 9 million doses administered has been exceeded
Sputnik:Nel Lazio vaccinazione antinfluenzale obbligatoria da settembre  75	TommyBrain	D_334	Sputnik: Mandatory flu vaccination in Lazio since September 75	Sputnik: Mandatory flu vaccination in Lazio since September 75
Quasi due milioni di liguri hanno ricevuto la terza dose di vaccino¬†anti-Covid 	Teleradiopace	CC_303	Almost two million Ligurians have received the third dose of the anti-Covid vaccine	Almost two million Ligurians have received the third dose of the anti-Covid vaccine
Vaccino Covid, il piano per gli under 65 in Liguria: chi potr√† riceverlo e come prenotarsi 	bizcommunityit	N_31	Covid vaccine, the plan for the under 65s in Liguria: who will be able to receive it and how to book	Covid vaccine, the plan for the under 65s in Liguria: who will be able to receive it and how to book
 GORDON   Futura taglia media  2 mesi  Si affida vaccinato, microchippato con obbligo di castrazione Si trova in Calabria ma arriva in tutto il centro-nord Italia  ‚ÑπÔ∏è Se interessati, inviare un messaggio di presentazione su WhatsApp al numero 3894470341 	annamariamoscar	II_316	GORDON Futura medium size 2 months He trusts vaccinated, microchipped with castration obligation It is located in Calabria but arrives in all of central-northern Italy ‚ÑπÔ∏è If interested, send a presentation message on WhatsApp to number 3894470341	GORDON Futura medium size 2 months He trusts vaccinated, microchipped with castration obligation It is located in Calabria but arrives in all of central-northern Italy :information: If interested, send a presentation message on WhatsApp to number 3894470341
#Coronaviriusitalia ma io mi chiedo, se facciamo tutto sto casino per un virus con una mortalit√† bassa, mi immagino se dovesse uscire un virus mortale di cui non si √® ancora trovato il vaccino...altro che fine del mondo	_Namjire_	B_168	#Coronaviriusitalia but I wonder, if we make all this mess for a virus with low mortality, I imagine if a deadly virus were to emerge for which the vaccine has not yet been found ... nothing but the end of the world	#Coronaviriusitalia but I wonder, if we make all this mess for a virus with low mortality, I imagine if a deadly virus were to emerge for which the vaccine has not yet been found ... nothing but the end of the world
Go un mal di testa assurdo credo per il vaccino e sto a letto e non riesco a fare nulla, arriva mia madre senza chiedermi come sto, vedendomi a letto mi urla MUOVI QUEL CULO, no ma grazie mamma	_CLALMIGHTY	Y_221	I have an absurd headache I think from the vaccine and I'm in bed and I can't do anything, my mother arrives without asking me how I am, seeing me in bed she yells at me MOVE THAT ASS, no but thanks mom	I have an absurd headache I think from the vaccine and I'm in bed and I can't do anything, my mother arrives without asking me how I am, seeing me in bed she yells at me MOVE THAT ASS, no but thanks mom
#obiang del #sassuolo sparito nel nulla dall'estate scorsa per #miocardite post #vaccino. Omert√† assoluta del giornalismo. #calcio  PS non aveva il #covid	RitornoLuca	CC_21	#obiang from #sassuolo disappeared into thin air since last summer due to post #vaccine #myocarditis. Absolute omert√† of journalism. #football PS he didn't have #covid	#obiang from #sassuolo disappeared into thin air since last summer due to post #vaccine #myocarditis. Absolute omert√† of journalism. #football PS he didn't have #covid
Covid, pi√π di 100 mila vaccini nelle farmacie  #Sicilia #LiveSicilia	LiveSicilia	CC_110	Covid, more than 100 thousand vaccines in #Sicily #LiveSicilia pharmacies	Covid, more than 100 thousand vaccines in #Sicily #LiveSicilia pharmacies
Ma che senso ha fare una mobilitazione nazionale per distribuire poche dosi di vaccino a tutte le regioni con una spesa enorme nel trasporto, sarebbe stato pi√π logico aspettare l'arrivo di milioni di dosi e procedere ad una significativa distribuzione	upiacenti20	L_11	But what is the point of making a national mobilization to distribute a few doses of vaccine to all regions with a huge expense in transport, it would have been more logical to wait for the arrival of millions of doses and proceed with a significant distribution	But what is the point of making a national mobilization to distribute a few doses of vaccine to all regions with a huge expense in transport, it would have been more logical to wait for the arrival of millions of doses and proceed with a significant distribution
#Venezia, ULSS 3 Serenissima: #Vaccino #AstraZeneca, su prenotazione, anche agli ultraottantenni in buona salute nati fra il 1930 e il '37. 	colomb_luca	O_384	#Venice, ULSS 3 Serenissima: #AstraZeneca #Vaccine, by reservation, even to healthy over-80s born between 1930 and '37.	#Venice, ULSS 3 Serenissima: #AstraZeneca #Vaccine, by reservation, even to healthy over-80s born between 1930 and '37.
Un mio amico,medico fisiatra,davanti ad un caff√® mi ha detto che ho sempre avuto ragione io, e di conseguenza i ‚Äúnovax‚Äù. Lui √® stato costretto a vaccinarsi e si sente amareggiato e incaxxato per aver subito il ricatto. Imbarazzante,ho dovuto consolare un vax. #nessunacorrelazione	capuleti_giulia	HH_11	"A friend of mine, a physiatrist, over a coffee told me that I have always been right, and consequently the ""novax"". He was forced to get vaccinated and feels bitter and pissed off for being blackmailed. Embarrassing, I had to console a vax. #no correlation"	"A friend of mine, a physiatrist, over a coffee told me that I have always been right, and consequently the ""novax"". He was forced to get vaccinated and feels bitter and pissed off for being blackmailed. Embarrassing, I had to console a vax. #no correlation"
üö® C'√® anche dell'altro da tenere d'occhio: voi fregatevene, poi vi vorr√≤ vedere con #Speranzaingalera ancora l√¨ e la #TaskForce dimmerda chiudervi ancora e obbligarvi al #vaccino Sai come mi fregher√≤ le mani 	eiopago1	FF_306	üö® There's also something else to keep an eye on: you don't care, then I'll want to see you with #Speranzaingalera still there and the dimmerda #TaskForce to close you again and force you to the #vaccine You know how I'll rub my hands	:police_car_light: There's also something else to keep an eye on: you don't care, then I'll want to see you with #Speranzaingalera still there and the dimmerda #TaskForce to close you again and force you to the #vaccine You know how I'll rub my hands
"üá≥üáø La premier neozelandese Jacinda Ardern Schwab: ""Gli effetti collaterali che vediamo causati dai vaccini sono un segno che i vaccini stanno facendo ci√≤ che dovrebbero"" ü§îü§îü§î Avevate ancora dubbi sulla $oluzione Finale ‚ùìüòÇ"	CasiraghiAlbert	FF_330	"üá≥üáø New Zealand Prime Minister Jacinda Ardern Schwab: ""The side effects we see caused by vaccines are a sign that vaccines are doing what they are supposed to"" ü§îü§îü§î You still had doubts about the Final $olution ‚ùìüòÇ"	":New_Zealand: New Zealand Prime Minister Jacinda Ardern Schwab: ""The side effects we see caused by vaccines are a sign that vaccines are doing what they are supposed to"" :thinking_face::thinking_face::thinking_face: You still had doubts about the Final $olution :red_question_mark::face_with_tears_of_joy:"
AIFA, possibile ottenere almeno 6 dosi da ogni flaconcino del vaccino BioNTech/Pfizer 	drsilenzi	L_81	AIFA, it is possible to obtain at least 6 doses from each vial of the BioNTech / Pfizer vaccine	AIFA, it is possible to obtain at least 6 doses from each vial of the BioNTech / Pfizer vaccine
Solo ai No Vax √® vietato parlare  via ://twitter.com/gparagone	Adrien_Zucchero	W_219	‚ÄúOnly No Vaxes are banned from speaking‚Äù via ://twitter.com/gparagone	‚ÄúOnly No Vaxes are banned from speaking‚Äù via ://twitter.com/gparagone
Italia. Covid.   Se il vaccino funziona  contro la malattia grave,  la causa, per cui la gente muore, √® la malattia lieve?!  ... cos√¨ ... per chiedere ...	ilCoperchio	EE_11	Italy. Covid. If the vaccine works against severe disease, is the cause of people dying from mild disease?! ... just asking ...	Italy. Covid. If the vaccine works against severe disease, is the cause of people dying from mild disease?! ... just asking ...
Coronavirus, Toti: ‚Äú13 mila vaccini al giorno per 6 giorni alla settimana‚Äù 	Rivierapress24	P_11	"Coronavirus, Toti: ""13 thousand vaccines a day for 6 days a week"""	"Coronavirus, Toti: ""13 thousand vaccines a day for 6 days a week"""
Importance in Vitamin A -  . #UnitedStates #Germany #europe #Health #healthcare #fitness #HealthTech #vegan #France #HealthyDiet #nutrition #healthyskin #MondayMorning #freetips #uk #kids #UAE #healthy #fitnessfirst #wellness #Russia #healthylife #immunity 	Fitness97368009	J_77	Importance in Vitamin A - . #UnitedStates #Germany #europe #Health #healthcare #fitness #HealthTech #vegan #France #HealthyDiet #nutrition #healthyskin #MondayMorning #freetips #uk #kids #UAE #healthy #fitnessfirst #wellness #Russia #healthylife #immunity	Importance in Vitamin A - . #UnitedStates #Germany #europe #Health #healthcare #fitness #HealthTech #vegan #France #HealthyDiet #nutrition #healthyskin #MondayMorning #freetips #uk #kids #UAE #healthy #fitnessfirst #wellness #Russia #healthylife #immunity
Se Dio avesse voluto che morissimo tutti non ci avrebbe fatto scoprire i vaccini e gli antibiotici	ritafrediani	S_254	If God wanted us all to die, He wouldn't have made us discover vaccines and antibiotics	If God wanted us all to die, He wouldn't have made us discover vaccines and antibiotics
"Chi si strappa le vesti per la definizione ""carico residuale"" √® lo stesso sinistrume che ha definito assassini,criminali, untori i medici no vax reintegrati#Piantedosi"	Angelo02408609	HH_430	"Whoever rips his clothes off for the definition ""residual load"" is the same sinister who defined the reintegrated no-vax doctors as murderers, criminals, anointors #Piantedosi"	"Whoever rips his clothes off for the definition ""residual load"" is the same sinister who defined the reintegrated no-vax doctors as murderers, criminals, anointors #Piantedosi"
Siccome sono Novax terrapiattista complottista, chiedo ai geni Italici. Siete sicuri delle ingerenze Russe,sulla politica Italiana. Io ho studiato poco s√≤ gnurant!üßêüßêüßê 	Enzoinformation	FF_445	Since I'm Novax flat-earther conspiracy theorist, I ask the Italian geniuses. Are you sure of Russian interference on Italian politics. I studied little I know gnurant! üßêüßêüßê	Since I'm Novax flat-earther conspiracy theorist, I ask the Italian geniuses. Are you sure of Russian interference on Italian politics. I studied little I know gnurant! :face_with_monocle::face_with_monocle::face_with_monocle:
"Anthony Fauci e il vaccino anti-Covid: le persone dovrebbero ""rinunciare al loro diritto di decidere"" "	lavespaguido	BB_306	Anthony Fauci and the anti-Covid vaccine: people should 'give up their right to decide'	Anthony Fauci and the anti-Covid vaccine: people should 'give up their right to decide'
I dati sensibili di milioni di italiani circolano negli uffici della PA.Migliaia di sospesi dal lavoro si sono visti violare privacy su dati sensibili perch√© nn vaccinati. Ora vogliamo sapere: tutti i Ministri del Governo hanno completato ciclo vaccinale? #COVID #covid #Omicron 	infosferanews	CC_128	The sensitive data of millions of Italians circulate in the PA offices. Thousands of people suspended from work have seen their privacy violated on sensitive data because they have not been vaccinated. Now we want to know: have all the Government Ministers completed the vaccination cycle? #COVID #covid #Omicron	The sensitive data of millions of Italians circulate in the PA offices. Thousands of people suspended from work have seen their privacy violated on sensitive data because they have not been vaccinated. Now we want to know: have all the Government Ministers completed the vaccination cycle? #COVID #covid #Omicron
non vorrei parlare troppo presto ma a questo punto penso di essermi scansata anche il malessere da vaccino stavolta ho solo dolore al braccio 	cavghtinaIie	AA_381	I don't want to talk too soon but at this point I think I also avoided the vaccine sickness this time I only have pain in my arm	I don't want to talk too soon but at this point I think I also avoided the vaccine sickness this time I only have pain in my arm
La realt√† √® che questo √® un vaccino totalmente antinatalista. Pensateci! In GranBretagna √® uscito un documento con le istruzioni di sicurezza pubblicato dal governo in cui √® affermato che: Per le donne in et√† fertile, la gravidanza dovrebbe essere esclusa prima della vaccinazione	HANIA243474887	M_309	The reality is that this is a totally anti-natalist vaccine. Think about it! In the UK, a safety document issued by the government has been released which states that: For women of childbearing potential, pregnancy should be ruled out before vaccination	The reality is that this is a totally anti-natalist vaccine. Think about it! In the UK, a safety document issued by the government has been released which states that: For women of childbearing potential, pregnancy should be ruled out before vaccination
Io vivo a Cuneo, citt√† in cui i vaccinati sono la maggioranza la Pro Loco annulla tutti gli eventi perch√© contraria al green pass: 	AlfridaPeraj	V_134	I live in Cuneo, a city where the vaccinated are the majority, the Pro Loco cancels all events because it is against the green pass:	I live in Cuneo, a city where the vaccinated are the majority, the Pro Loco cancels all events because it is against the green pass:
Cacciari: ‚ÄúVaccino obbligatorio per poter lavorare? Una cosa scandalosa‚Äù (Video) 	infoitinterno	Z_208	Cacciari: ‚ÄúMandatory vaccine to be able to work? A scandalous thing‚Äù (Video)	Cacciari: ‚ÄúMandatory vaccine to be able to work? A scandalous thing‚Äù (Video)
FDA OKs Sequirus seasonal #flu vaccine. 	MedscapePharm	B_321	FDA OKs Sequirus seasonal #flu vaccine.	FDA OKs Sequirus seasonal #flu vaccine.
Alle 7:40 #BuongiornoRegione #Riaperture: in diretta da una palestra di #Isernia #Vaccinazioni Nuovi centri per la somministrazione sul territorio A #Trivento #merletti a forma di occhio, contro lo stigma #Storia di un sanguinoso assalto di #briganti #IoSeguoTgr 	TgrRaiMolise	P_59	At 7:40 #BuongiornoRegione #Reopening: live from a gym in #Isernia #Vaccinations New centers for administration on the territory In #Trivento #eye-shaped lace, against the stigma #Story of a bloody assault by #brigands #IoSeguoTgr	At 7:40 #BuongiornoRegione #Reopening: live from a gym in #Isernia #Vaccinations New centers for administration on the territory In #Trivento #eye-shaped lace, against the stigma #Story of a bloody assault by #brigands #IoSeguoTgr
"#Mix di vaccini, la precisazione del sottosegretario Costa: ""La seconda dose deve essere eterologa""   - #Dibattito #Attualit√†_E_Societ√† #La7 #Politica"	valtaro	R_78	"#Mix of vaccines, clarification by Undersecretary Costa: ""The second dose must be heterologous"" - #Debate #News_And_Society #La7 #Politics"	"#Mix of vaccines, clarification by Undersecretary Costa: ""The second dose must be heterologous"" - #Debate #News_And_Society #La7 #Politics"
Draghi sta chiamando a s√© tutta la merda di maggioranza e opposizione, indovinate perch√©? C'√® bisogno di una legge forte, quella sui vaccini. La pandemia non √® capitata a caso, andranno fino in fondo	negromanten1	N_478	Draghi is calling all the majority and opposition shit to himself, guess why? We need a strong law, the one on vaccines. The pandemic did not happen by chance, they will go through with it	Draghi is calling all the majority and opposition shit to himself, guess why? We need a strong law, the one on vaccines. The pandemic did not happen by chance, they will go through with it
Professor Andreas Radbruch: ` I richiami troppo frequenti sono controproducenti. Il virus √® il miglior vaccino` - eVenti Avversi #AndreasRadbruch #covid19 #eventiavversi #immunit #News #quartadose #richiami #terzadose #vaccinicovid  	ParliamoDiNews	BB_319	Professor Andreas Radbruch: ` Too frequent boosters are counterproductive. The virus is the best vaccine - adverse events #AndreasRadbruch #covid19 #eventiavversi #immunit #News #quartadose #richiami #terzadose #vaccinicovid	Professor Andreas Radbruch: ` Too frequent boosters are counterproductive. The virus is the best vaccine - adverse events #AndreasRadbruch #covid19 #eventiavversi #immunit #News #quartadose #richiami #terzadose #vaccinicovid
Coronavirus, Bulgari per la ricerca: donazione allo Spallanzani per sviluppare un vaccino [aggiornamento delle 12:26] 	DRepubblicait	B_6	Coronavirus, Bulgari for research: donation to Spallanzani to develop a vaccine [update at 12:26]	Coronavirus, Bulgari for research: donation to Spallanzani to develop a vaccine [update at 12:26]
22/05/22 ‚ÄúNouvelle mauvaise nouvelle de la cuisine de la vaccination : de plus en plus de personnes vaccin√©es contre le corona deviennent aveugles ‚ÄúCE qui est curieux c ‚Äòest que l ann√©e pass√©e sur mon compte ferm√© par Twitter un m√©decin ophtalmologiste m‚Ä¶ 	Bellinarg4	CC_307	05/22/22 ‚ÄúNew bad news from the vaccination kitchen: more and more people vaccinated against corona are going blind ‚ÄúWhat is curious is that last year on my account closed by Twitter an ophthalmologist m ‚Ä¶	05/22/22 ‚ÄúNew bad news from the vaccination kitchen: more and more people vaccinated against corona are going blind ‚ÄúWhat is curious is that last year on my account closed by Twitter an ophthalmologist m ‚Ä¶
S√¨, certo che i vaccinati meritano privilegi maggiori. Si sono comportati bene, hanno accantonato le loro paure verso una terapia sperimentale, si sono presi la responsabilit√† di proteggere non solo se stessi ma anche gli altri, hanno avuto senso civico, coraggio e coscienza.	LaZebraAPuah	R_32	Yes, of course the vaccinated deserve greater privileges. They behaved well, they set aside their fears of an experimental therapy, they took it upon themselves to protect not only themselves but also others, they had civic sense, courage and conscience.	Yes, of course the vaccinated deserve greater privileges. They behaved well, they set aside their fears of an experimental therapy, they took it upon themselves to protect not only themselves but also others, they had civic sense, courage and conscience.
Bar, ristoranti e cinema vuoti. Con i non vaccinati che vorrebbero uscire e spendere, ma non possono perch√© vengono discriminati. I vaccinati ipocondriaci invecr restano a casa per paura del covid.  L'Italia muore grazie al greenpass.	L3onard___	Y_383	Empty bars, restaurants and cinemas. With the unvaccinated who would like to go out and spend, but cannot because they are discriminated against. Invecr hypochondriac vaccinated people stay at home for fear of covid. Italy dies thanks to the green pass.	Empty bars, restaurants and cinemas. With the unvaccinated who would like to go out and spend, but cannot because they are discriminated against. Invecr hypochondriac vaccinated people stay at home for fear of covid. Italy dies thanks to the green pass.
L‚Äôammissione poche ore fa del noto politico: ‚Äúio e la mia compagna con danni devastanti dopo il vaccino!‚Äù  	giusepp13624812	II_340	"The admission a few hours ago of the well-known politician: ""my partner and I with devastating damage after the vaccine!"""	"The admission a few hours ago of the well-known politician: ""my partner and I with devastating damage after the vaccine!"""
üî¥üëÅÔ∏èüî¥Choc nel tennis: 15 giocatori vaccinati lasciano gli Open di Miami. Cosa sta succedendo  via ://twitter.com/gparagone	marinellaartale	BB_128	üî¥üëÅÔ∏èüî¥ Tennis shock: 15 vaccinated players leave the Miami Open. What's happening via ://twitter.com/gparagone	:red_circle::eye::red_circle: Tennis shock: 15 vaccinated players leave the Miami Open. What's happening via ://twitter.com/gparagone
(Coronavirus, Di Maio ‚ÄúOra un'alleanza internazionale per il vaccino‚Äù)  Playhitmusic - 	Noovyis	C_82	"(Coronavirus, Di Maio ""Now an international vaccine alliance"") Playhitmusic -"	"(Coronavirus, Di Maio ""Now an international vaccine alliance"") Playhitmusic -"
Dall'indagine della procura europea sull'acquisto dei vaccini, fino agli scenari riguardanti le sanzioni ai non vaccinati con il nuovo governo. Questo e molto altro nell'edizione del TG di Byoblu24 di oggi.   	byoblu	GG_144	From the European prosecutor's investigation into the purchase of vaccines, up to the scenarios regarding the sanctions for the unvaccinated with the new government. This and much more in today's Byoblu24 news edition.	From the European prosecutor's investigation into the purchase of vaccines, up to the scenarios regarding the sanctions for the unvaccinated with the new government. This and much more in today's Byoblu24 news edition.
Punto Vaccini Fvg: oggi somministrate 2.092 dosi 	FGuardiella	M_73	Punto Vaccini Fvg: 2,092 doses administered today	Punto Vaccini Fvg: 2,092 doses administered today
Coronavirus, pronto il primo vaccino √à cinese e lo avranno per primi i militari 	infoitesteri	F_403	Coronavirus, the first vaccine ready It is Chinese and the military will get it first	Coronavirus, the first vaccine ready It is Chinese and the military will get it first
Novax si iscrivono a Italia Viva per avere il quarto a tressette.	LiberoPetrucci	U_308	Novax sign up for Italia Viva to get the fourth in tressette.	Novax sign up for Italia Viva to get the fourth in tressette.
"Sanit√†, D'Amato: ""Rinnoviamo invito al vaccino soprattutto per over 65. Ancora disponibili dosi"" "	LavoroLazio_com	A_428	"Healthcare, D'Amato: ""We renew the invitation to the vaccine especially for the over 65s. Doses are still available"""	"Healthcare, D'Amato: ""We renew the invitation to the vaccine especially for the over 65s. Doses are still available"""
"#isola #melandri ""sono no vax e ho fatto di tutto per infettarmi"" Giusto all'isola poteva partecipare uno sveglone come questo.."	MovArtGarbaMi	BB_68	"#island #melandri ""I'm no vax and I did everything to get infected"" Right on the island a wake-up call like this could have participated.."	"#island #melandri ""I'm no vax and I did everything to get infected"" Right on the island a wake-up call like this could have participated.."
‚ÄúQuest'uomo √® un #vaccino vivente contro i #virus pi√π gravi che infettano il Paese: pregiudizio, ignoranza e razzismo‚Äù  Grazie Presidente.  (Mattarella visita scuola con alta presenza della comunit√† cinese) 	dikabernard	B_78	This man is a living #vaccine against the most serious #viruses infecting the country: prejudice, ignorance and racism Thank you President. (Mattarella visits school with a high presence of the Chinese community)	This man is a living #vaccine against the most serious #viruses infecting the country: prejudice, ignorance and racism Thank you President. (Mattarella visits school with a high presence of the Chinese community)
Sono veramente schifata Continuo a leggere di gentaglia che scrive di morti improvvise, attribuendole con gioia ai vaccini Che schifo di persone esistono su questa terra? Dico sia ai vaccinati che ai non vaccinati, di tenersi le proprie scelte senza rompere il capso a nessuno...	Patryx5	DD_157	I'm really disgusted I keep reading about scum who write about sudden deaths, joyfully attributing them to vaccines What disgusting people exist on this earth? I tell both the vaccinated and the unvaccinated, to keep their choices without breaking anyone's capso...	I'm really disgusted I keep reading about scum who write about sudden deaths, joyfully attributing them to vaccines What disgusting people exist on this earth? I tell both the vaccinated and the unvaccinated, to keep their choices without breaking anyone's capso...
L'hanno gi√† detto che la scoperta della nuova mutazione del virus √® stata rivelata dopo l'inizio della campagna di vaccinazione? #qazzari #COVID19 #COVIDIOTS	MarianoBoh1	L_335	Have they already said that the discovery of the new virus mutation was revealed after the vaccination campaign started? #qazzari #COVID19 #COVIDIOTS	Have they already said that the discovery of the new virus mutation was revealed after the vaccination campaign started? #qazzari #COVID19 #COVIDIOTS
üòÇüòÇüòÇüòÇüòÇ che #vergognosi, lo sanno che stanno facendo #schifo, ma se lo dicono in sottovoce x non farlo trasparire, come se i Lombardi non se ne fossero tutti 	fenice_risorta	K_305	üòÇüòÇüòÇüòÇüòÇ how #shameful, they know they're disgusting, but they say it in a whisper so as not to show it, as if the Lombards weren't all	:face_with_tears_of_joy::face_with_tears_of_joy::face_with_tears_of_joy::face_with_tears_of_joy::face_with_tears_of_joy: how #shameful, they know they're disgusting, but they say it in a whisper so as not to show it, as if the Lombards weren't all
Il vaccino testato aveva quattro innesti. Testato su anziani .. il perch√© lo sapete. Troppo forte? Lo hanno diviso in quattro vaccini?	Ghiby4	H_11	The vaccine tested had four grafts. Tested on seniors .. you know why. Too strong? Did they split it into four vaccines?	The vaccine tested had four grafts. Tested on seniors .. you know why. Too strong? Did they split it into four vaccines?
Auspico un lockdown totale per almeno 20 giorni, vaccinazioni e poi basta apri e chiudi	BarbagiM	N_332	I hope for a total lockdown for at least 20 days, vaccinations and then just open and close	I hope for a total lockdown for at least 20 days, vaccinations and then just open and close
Infatti Pfizer non ha soddisfatto nessuna delle richieste di EMA entro le scadenze prefissate, con ragioni non del tutto trasparenti, alimentando speculazioni circa la presenza nel vaccino Comirnaty di componenti non adatti all'uso nell'uomo che causerebbero reazioni allergiche. 	Mr_Ozymandias	Z_27	In fact, Pfizer has not satisfied any of the EMA requests within the set deadlines, for reasons that are not entirely transparent, fueling speculation about the presence in the Comirnaty vaccine of components not suitable for use in humans which would cause allergic reactions.	In fact, Pfizer has not satisfied any of the EMA requests within the set deadlines, for reasons that are not entirely transparent, fueling speculation about the presence in the Comirnaty vaccine of components not suitable for use in humans which would cause allergic reactions.
"Coronavirus #Roma, Nicola Zingaretti : ""Vaccino va prodotto su suolo italiano"". DIRETTA "	SkyTG24	F_492	"Coronavirus #Rome, Nicola Zingaretti: ""Vaccine must be produced on Italian soil"". DIRECT"	"Coronavirus #Rome, Nicola Zingaretti: ""Vaccine must be produced on Italian soil"". DIRECT"
Speravo che il vaccino mi inoculasse la voglia di studiare ma a quanto pare non √® andata cos√¨	vieniasalvarmi	R_11	I was hoping that the vaccine would inoculate me with the desire to study but apparently it didn't go like this	I was hoping that the vaccine would inoculate me with the desire to study but apparently it didn't go like this
Ormai posso definirmi COVID FREE....seconda dose vaccino fatta.... raga vaccinatevi solo cos√¨ ne usciamo üí™‚ù§Ô∏èüí™ ABRACCIO ü§ó @ Naples, Italy 	dragoie	Q_477	By now I can call myself COVID FREE.... second vaccine dose done.... guys get vaccinated just so we can get out of it üí™‚ù§Ô∏èüí™ HUGS ü§ó @ Naples, Italy	By now I can call myself COVID FREE.... second vaccine dose done.... guys get vaccinated just so we can get out of it :flexed_biceps::red_heart::flexed_biceps: HUGS :smiling_face_with_open_hands: @ Naples, Italy
Chiss√†? Forse un giorno qualcuno inventer√† un vaccino contro l'idiozia. Ma anche allora, coloro che ne avrebbero bisogno lo rifiuteranno. Boh!? &gt;&gt; L‚Äô inutile caccia all‚Äôuntore 	gianpadano	B_465	Maybe? Maybe one day someone will invent a vaccine against idiocy. But even then, those who need it will reject it. I don't know!? &gt;&gt; The useless hunt for the infector	Maybe? Maybe one day someone will invent a vaccine against idiocy. But even then, those who need it will reject it. I don't know!? &gt;&gt; The useless hunt for the infector
"Vaccino anti covid in azienda, i ""big"" liguri si preparano: ecco come funzioner√† "	infoitinterno	P_73	"Anti-covid vaccine in the company, the Ligurian ""big"" are preparing: this is how it will work"	"Anti-covid vaccine in the company, the Ligurian ""big"" are preparing: this is how it will work"
 - e pure questo vaccino..	Sfn1974	J_59	- and this vaccine too..	- and this vaccine too..
Ragazza che si √® fatta il vaccino oggi alle 11 e 30 seduta affianco a me , sappi che mi sono innamorato &lt;3	GiannaceNicola	V_429	Girl who got the vaccine today at 11.30 sitting next to me, know that I fell in love &lt;3	Girl who got the vaccine today at 11.30 sitting next to me, know that I fell in love &lt;3
EMA e FDA chiamano ‚Äúquarta dose‚Äù il nuovo vaccino Ba1 uscito luned√¨, la vostra ‚Äúquarta dose‚Äù cos‚Äôera?  LO VOGLIAMO SAPERE ADESSO!  üü° SEGUICI SU CONSENSO DISINFORMATO	MariaDellaMoni6	FF_186	EMA and FDA call the new Ba1 vaccine released on Monday a ‚Äúfourth dose‚Äù, what was your ‚Äúfourth dose‚Äù? WE WANT TO KNOW NOW! üü° FOLLOW US ON UNINFORMED CONSENT	EMA and FDA call the new Ba1 vaccine released on Monday a ‚Äúfourth dose‚Äù, what was your ‚Äúfourth dose‚Äù? WE WANT TO KNOW NOW! :yellow_circle: FOLLOW US ON UNINFORMED CONSENT
Non ho ne‚Äô prove ne‚Äô indizi, come diceva #Pasolini ma ipotizzo che il #vaccino ci sia gi√†. Aspettano che l‚Äôeconomia vada a rotoli, che i morti aumentino, i supermercati si svuotino. Ci scanneremo per la mascherina e per l‚ÄôAmuchina. Insomma, fanno ingrassare i porci. #coronavirus	_antoniocannone	C_2	I have no evidence or clues, as #Pasolini said but I assume that the #vaccine is already there. They wait for the economy to crash, for the dead to increase, for the supermarkets to empty. We will scan ourselves for the mask and for the Amuchina. In short, they make pigs fat. #coronavirus	I have no evidence or clues, as #Pasolini said but I assume that the #vaccine is already there. They wait for the economy to crash, for the dead to increase, for the supermarkets to empty. We will scan ourselves for the mask and for the Amuchina. In short, they make pigs fat. #coronavirus
Passi in avanti per il vaccino contro il Covid-19, ok ai test pre-clinici in Italia 	CanaleSeiTv	C_136	Steps forward for the vaccine against Covid-19, ok for pre-clinical tests in Italy	Steps forward for the vaccine against Covid-19, ok for pre-clinical tests in Italy
Vaccino antinfluenzale universale? Non √® pi√π fantascienza  	Everyeye	HH_309	Universal flu vaccine? It's not science fiction anymore	Universal flu vaccine? It's not science fiction anymore
COVID-19 in Piemonte: 33386 dosi di vaccino somministrate | 27 luglio 2021 	astigov	S_491	COVID-19 in Piedmont: 33386 vaccine doses administered | July 27, 2021	COVID-19 in Piedmont: 33386 vaccine doses administered | July 27, 2021
Libert√†, Libert√† e poi aggrediscono i cronisti nel pieno esercizio delle loro libert√† costituzionali. Tutto bene, #novax?   	GianluGatti	T_381	Freedom, Freedom and then attack the reporters in the full exercise of their constitutional freedoms. Are you okay, #novax?	Freedom, Freedom and then attack the reporters in the full exercise of their constitutional freedoms. Are you okay, #novax?
LN Anche il vaccino anti-Covid della statunitense Moderna si mostra efficace nel 94,5% dei casi. Fauci: ‚ÄúDavvero una buona notizia. Percentuale impressionante‚Äù  	MPenikas	K_46	LN Even the anti-Covid vaccine from the US Moderna is effective in 94.5% of cases. Fauci: ‚ÄúReally good news. Impressive percentage‚Äù	LN Even the anti-Covid vaccine from the US Moderna is effective in 94.5% of cases. Fauci: ‚ÄúReally good news. Impressive percentage‚Äù
Dato che si √® creato un parallelismo tra pro-Vax e pro-Nato, vorrei far presente che chi vuole l‚Äôintervento militare √® lo stesso che indossa la mascherina da solo in macchina.  #EcoDelleScatoleCraniche	A_DIngiandi	AA_257	Given that a parallelism has been created between pro-Vax and pro-Nato, I would like to point out that those who want military intervention are the same ones who wear the mask alone in the car. #EcoDelleScatoleCraniche	Given that a parallelism has been created between pro-Vax and pro-Nato, I would like to point out that those who want military intervention are the same ones who wear the mask alone in the car. #EcoDelleScatoleCraniche
#Lariachetira perch√© questa anchorwoman interrompe sempre chi sta parlando, come ha appena fatto con la dottoressa che spiegava che non bisognava illudersi sul numero dei richiedenti il vaccino dando le cifre che la Merlino mi ha impedito di sentire perch√® taglia la parola ?!	fcterni	J_324	#Lariachetira because this anchorwoman always interrupts whoever is speaking, as she just did with the doctor who explained that we shouldn't delude ourselves about the number of vaccine applicants by giving the figures that Merlino prevented me from hearing because she cuts the word?!	#Lariachetira because this anchorwoman always interrupts whoever is speaking, as she just did with the doctor who explained that we shouldn't delude ourselves about the number of vaccine applicants by giving the figures that Merlino prevented me from hearing because she cuts the word?!
Crisanti, senza dati a disposizione, io non farei il primo vaccino che dovesse arrivare a gennaio. Perch√© vorrei essere sicuro che questo vaccino sia stato opportunamente testato e che soddisfi tutti i criteri di sicurezza ed efficacia. Lha detto, üòß 	stefmat1824	K_218	Crisanti, without available data, I would not make the first vaccine that should arrive in January. Because I would like to be sure that this vaccine has been properly tested and that it meets all the safety and efficacy criteria. He said it, üòß	Crisanti, without available data, I would not make the first vaccine that should arrive in January. Because I would like to be sure that this vaccine has been properly tested and that it meets all the safety and efficacy criteria. He said it, :anguished_face:
Mia madre, ha preso il covid gi√† da una settimana, fortunatamente sintomi lievi ci siamo isolati tutti e lei ancora di pi√π, nessuno di noi lo ha preso lei afferma, sono stata peggio dopo le somministrazioni di tutte e tre le dosi di vaccino	mariagrosso	CC_51	My mother had already caught the covid for a week, fortunately with mild symptoms we all isolated ourselves and she even more, none of us caught it she says, I was worse after the administration of all three doses of the vaccine	My mother had already caught the covid for a week, fortunately with mild symptoms we all isolated ourselves and she even more, none of us caught it she says, I was worse after the administration of all three doses of the vaccine
Giornale di Sicilia: Palermo, stop al commissario Covid: smantellato l‚Äôhub dei vaccini alla Fiera. 	MicheleFesta85	II_110	Giornale di Sicilia: Palermo, stop for the Covid commissioner: the vaccine hub at the Fair dismantled.	Giornale di Sicilia: Palermo, stop for the Covid commissioner: the vaccine hub at the Fair dismantled.
C'√® una pandemia e il governo si permette di fare lo schizzinoso sul vaccino Sputnik solo perch√© √® Russo. üôÉ	noitre32	P_466	There is a pandemic and the government allows itself to be picky about the Sputnik vaccine just because it is Russian. üôÉ	There is a pandemic and the government allows itself to be picky about the Sputnik vaccine just because it is Russian. :upside-down_face:
Vaccini: al via nel Lazio quarta dose a fragili, prima in Italia. La somministrazione √® partita a Rieti e Frosinone #ANSA 	AnsaRomaLazio	Z_167	Vaccines: fourth dose to fragile at the start in Lazio, first in Italy. The administration started in Rieti and Frosinone #ANSA	Vaccines: fourth dose to fragile at the start in Lazio, first in Italy. The administration started in Rieti and Frosinone #ANSA
Intanto i vaccinati potranno festeggiare #capodanno nelle #discoteche con gli amici. Grazie ai #vaccini √® tornato tutto alla normalit√†... seh come no! Che brutta favola quella che raccontano il #governo e i #giornalisti. #italia #draghistan #megagreenpass #greenpass	Alefior87	W_241	Meanwhile the vaccinated will be able to celebrate #New Year's Eve in #discos with friends. Thanks to the #vaccines everything is back to normal... yeah right! What a bad story the #government and #journalists tell. #italy #draghistan #megagreenpass #greenpass	Meanwhile the vaccinated will be able to celebrate #New Year's Eve in #discos with friends. Thanks to the #vaccines everything is back to normal... yeah right! What a bad story the #government and #journalists tell. #italy #draghistan #megagreenpass #greenpass
Cambier√† il piano vaccinale. Vaccinazioni di massa entro Maggio 	ForestaliNews	Q_77	The vaccination plan will change. Mass vaccinations by May	The vaccination plan will change. Mass vaccinations by May
Silvio Garattini: ‚ÄúTroppi morti per lasciar circolare Omicron, proteggiamoci in attesa del nuovo vaccino‚Äù 	mattinodipadova	EE_309	"Silvio Garattini: ""Too many deaths to let Omicron circulate, let's protect ourselves while waiting for the new vaccine"""	"Silvio Garattini: ""Too many deaths to let Omicron circulate, let's protect ourselves while waiting for the new vaccine"""
Ma Gloria √® grande e vaccinate eh!   #uominiedonne 	1bluemi	HH_400	But Gloria is big and vaccinated eh! #men and women	But Gloria is big and vaccinated eh! #men and women
Coronavirus: Martella, 'la buona informazione √® il primo vaccino'  #notizie #sapevatelo	notizieit	B_297	Coronavirus: Martella, 'good information is the first vaccine' #news #sapevatelo	Coronavirus: Martella, 'good information is the first vaccine' #news #sapevatelo
E io che pensavo che in #Ucraina col 37% di vaccinati, fossero tutti morti...	JulesDalBon	AA_127	And I thought that in #Ukraine with 37% of vaccinated, they were all dead...	And I thought that in #Ukraine with 37% of vaccinated, they were all dead...
Vaccini anti Covid-19 anche per i cittadini settantenni  #vaccino #vaccini #Sicilia #Sicily #vaccinazione #vaccination #vaccine #vaccinated #SARSCoV2 #SARS_CoV_2 #coronavirus #Covid_19 #COVID„Éº19 #COVID #COVID19Vaccine #CovidVaccine #Italia  #Italy	EmmeReports	O_475	Anti Covid-19 vaccines also for seventy-year-old citizens	Anti Covid-19 vaccines also for seventy-year-old citizens
Scusate la domanda da bionda.  Avete visto i video con la simulazione della diffusione del contagio (luoghi aperti e chiusi)?  Se s√¨, indipendentemente dalle linee guida, lo capite da soli che molte cose non si potranno fare o avete intenzione di far polemiche fino al vaccino?	swamilee	E_388	Sorry for the blonde question. Have you seen the videos with the simulation of the spread of the contagion (open and closed places)? If yes, regardless of the guidelines, do you understand for yourself that many things cannot be done or do you intend to cause controversy until the vaccine?	Sorry for the blonde question. Have you seen the videos with the simulation of the spread of the contagion (open and closed places)? If yes, regardless of the guidelines, do you understand for yourself that many things cannot be done or do you intend to cause controversy until the vaccine?
Uno scenario che gi√† si √® avverato e pu√≤ solo gonfiarsi √® quello di cittadini ed emigrati della stessa regione, uno contro l' Sardegna abbiamo gi√† sardi contro altri emigrati sardi che vogliono tornare in vacanza.Per l'odio sociale non c'√® vaccino a breve	core2design	E_464	A scenario that has already come true and can only inflate is that of citizens and emigrants from the same region, one against Sardinia we already have Sardinians against other Sardinian emigrants who want to go back on holiday. There is no vaccine for social hatred short	A scenario that has already come true and can only inflate is that of citizens and emigrants from the same region, one against Sardinia we already have Sardinians against other Sardinian emigrants who want to go back on holiday. There is no vaccine for social hatred short
 perche Speranza √® vaccinato? i politici sono vaccinati tranne qualcuno? armiamoci e ... andate e trovano milioni di strunz che.... vanno	5Ricomincio	CC_6	why is Speranza vaccinated? are politicians vaccinated except for someone? let's arm ourselves and ... go and find millions of strunz that .... go	why is Speranza vaccinated? are politicians vaccinated except for someone? let's arm ourselves and ... go and find millions of strunz that .... go
Covid19, crollano i contagi e le vaccinazioni a¬†Siracusa 	telodogratis	AA_317	Covid19, infections and vaccinations collapse in Syracuse	Covid19, infections and vaccinations collapse in Syracuse
"New Tumblr post: ""CANADA: PRIMO CASO DI RISARCIMENTO :"" DANNO DA VACCINO"""" -   IFTTT,"	cnitalia1	DD_497	"New Tumblr post: ""CANADA: FIRST COMPENSATION CASE :""VACCINE DAMAGE"""" - IFTTT,"	"New Tumblr post: ""CANADA: FIRST COMPENSATION CASE :""VACCINE DAMAGE"""" - IFTTT,"
"Obama: ""Nonostante il fatto che ora abbiamo essenzialmente testato, clinicamente, il vaccino su miliardi di persone nel mondo; circa 1 americano su 5 si metter√† ancora a rischio... piuttosto che farsi vaccinare"". ü§°ü§°üí©üí©üí© "	Peter20371	BB_41	"Obama: ""Despite the fact that we have now essentially, clinically tested, the vaccine on billions of people around the world; approximately 1 in 5 Americans will still put themselves at risk... rather than get vaccinated."" ü§°ü§°üí©üí©üí©"	"Obama: ""Despite the fact that we have now essentially, clinically tested, the vaccine on billions of people around the world; approximately 1 in 5 Americans will still put themselves at risk... rather than get vaccinated."" :clown_face::clown_face::pile_of_poo::pile_of_poo::pile_of_poo:"
Delusi perch√® speravano in pi√π morti a Natale, sto osservando un cospicuo rigurgito di NoVax/NoGP che scassano la minchia con il loro ‚Äúmemento mori‚Äù o cercano di vendere intrugli purificanti dal grafene. Dato che mi infastidiscono, li blocco al volo. Sono una brutta persona	JackRya27121132	II_291	"Disappointed because they hoped for more deaths at Christmas, I'm observing a conspicuous regurgitation of NoVax / NoGP who break the fuck with their ""memento mori"" or try to sell graphene purifying concoctions. Since they annoy me, I block them on the fly. I'm a bad person"	"Disappointed because they hoped for more deaths at Christmas, I'm observing a conspicuous regurgitation of NoVax / NoGP who break the fuck with their ""memento mori"" or try to sell graphene purifying concoctions. Since they annoy me, I block them on the fly. I'm a bad person"
Dichiaro la resa. D‚Äôora in avanti ai no mask, no vax, negazionisti del virus e complottisti assortiti risponder√≤ semplicemente con un sonoro e accorato ‚ÄúMA VAFFANCULO!‚Äù #lamisura√©colma	reservoirdogs85	I_300	"I declare surrender. From now on to the no mask, no vax, virus deniers and assorted conspiracy theorists I will simply respond with a loud and heartfelt ""FUCK YOU!"" #themeasurement is full"	"I declare surrender. From now on to the no mask, no vax, virus deniers and assorted conspiracy theorists I will simply respond with a loud and heartfelt ""FUCK YOU!"" #themeasurement is full"
"Vaccino contro il Covid? ""Attenti alle scorciatoie"", avverte Crisanti "	sulsitodisimone	G_56	"Vaccine against Covid? ""Beware of shortcuts,"" warns Crisanti"	"Vaccine against Covid? ""Beware of shortcuts,"" warns Crisanti"
volete prendere il massimo di insulti oggi ? Allora ripetete con me: -la terra non √® piatta -amo la figa -sono #Over50 -non mi vaccino per libera scelta -leggo #Dostoevskij -ho due lauree -DICO NO ALL‚ÄôINVIO DI ARMI ALL #Ukraine -considero #Dimaio incapace e #Salvini un pirla	zevunderskin	AA_203	do you want to take the maximum of insults today? So repeat with me: - the earth is not flat - I love pussy - I'm #Over50 - I don't get vaccinated for free choice - I read #Dostoevsky - I have two degrees - I SAY NO TO SENDING WEAPONS ALL #Ukraine - I consider #Dimaio incapable and #Salvini an idiot	do you want to take the maximum of insults today? So repeat with me: - the earth is not flat - I love pussy - I'm #Over50 - I don't get vaccinated for free choice - I read #Dostoevsky - I have two degrees - I SAY NO TO SENDING WEAPONS ALL #Ukraine - I consider #Dimaio incapable and #Salvini an idiot
"Rasi su Skytg24: Troppo clamore mediatico su reazioni avverse Scelta di sospendere vaccinazioni basata su emotivit√†  Novax che vogliono rallentare la campagna vaccinale Giusto scudo penale per medici ed aziende ..ah, dallo studio lo chiamavano ""professore""  #AstraZeneca"	tiecolino	O_219	"Rasi on Skytg24: Too much media hype about adverse reactions Choice to suspend vaccinations based on emotion Novax who want to slow down the vaccination campaign Right criminal shield for doctors and companies ..ah, from the studio they called him ""professor"" #AstraZeneca"	"Rasi on Skytg24: Too much media hype about adverse reactions Choice to suspend vaccinations based on emotion Novax who want to slow down the vaccination campaign Right criminal shield for doctors and companies ..ah, from the studio they called him ""professor"" #AstraZeneca"
"Usa, Biden: ""I politici non devono interferire con il vaccino""  #usa  "	MediasetTgcom24	I_58	"Usa, Biden: ""Politicians must not interfere with the vaccine"" #usa"	"Usa, Biden: ""Politicians must not interfere with the vaccine"" #usa"
Abbiamo dieci milioni di dosi di vaccino. Consiglierei- pur lasciando priorit√† per le prime dosi e per le terze dosi per i fragili - di partire SUBITO  con la terza dose per i sanitari. Infezioni anche lievi causerebbero quarantene che sguarnirebbero ospedali e ambulator√Æ.	RobertoBurioni	U_59	We have ten million doses of vaccine. I would recommend - while leaving priority for the first doses and third doses for the frail - to start NOW with the third dose for health care. Even minor infections would cause quarantines that would deprive hospitals and clinics.	We have ten million doses of vaccine. I would recommend - while leaving priority for the first doses and third doses for the frail - to start NOW with the third dose for health care. Even minor infections would cause quarantines that would deprive hospitals and clinics.
A Como si lamentano che le scritte dei #ViVi non vengono cancellate! Forse qualcuno, oltre ai V_V, ritiene abbiano una funzione sociale necessaria! #ilvaccinouccide  #iosononovax   üëÜüëÜüëÜüëÜüëÜüëÜüëÜüëÜüëÜ  	martina_ever	Y_309	In Como they complain that the #ViVi writings are not deleted! Perhaps someone, in addition to V_V, believes they have a necessary social function! #ilvaccinokills #iosononovax üëÜüëÜüëÜüëÜüëÜüëÜüëÜüëÜüëÜ	In Como they complain that the #ViVi writings are not deleted! Perhaps someone, in addition to V_V, believes they have a necessary social function! #ilvaccinokills #iosononovax :backhand_index_pointing_up::backhand_index_pointing_up::backhand_index_pointing_up::backhand_index_pointing_up::backhand_index_pointing_up::backhand_index_pointing_up::backhand_index_pointing_up::backhand_index_pointing_up::backhand_index_pointing_up:
#Djokovic commenta la decisione dell'Australia di concedergli l'ingresso anche da non vaccinato grazie ad una esenzione medica.   #AustralianOpen 	FabioRussello	Y_391	#Djokovic comments on Australia's decision to grant him entry even as an unvaccinated thanks to a medical exemption. #AustralianOpen	#Djokovic comments on Australia's decision to grant him entry even as an unvaccinated thanks to a medical exemption. #AustralianOpen
Ho ancora la febbre (belli i vaccini di venerd√¨ che ti caxziano il weekend), stasera abbiamo una prenotazione ad un ristorante fatta una settimana fa perch√© volevamo andarci tipo da mesi, ho deciso che ci andr√≤ a costo di bere t4chipirina al posto del vino 	r4vi30	DD_464	I still have a fever (Friday's vaccines are nice, they kill you at the weekend), tonight we have a reservation at a restaurant made a week ago because we've been wanting to go there for months, I've decided that I'll go there at the cost of drinking t4chipirina instead of wine	I still have a fever (Friday's vaccines are nice, they kill you at the weekend), tonight we have a reservation at a restaurant made a week ago because we've been wanting to go there for months, I've decided that I'll go there at the cost of drinking t4chipirina instead of wine
Renzi insiste sul vaccino Serve una cura per ripartire subito, cazzo Non una cosa forse utile tra mesi   #NonelArena	tiecolino	C_331	Renzi insists on the vaccine We need a cure to start again damn soon Not something maybe useful in months #NonelArena	Renzi insists on the vaccine We need a cure to start again damn soon Not something maybe useful in months #NonelArena
Via libera ai vaccini anti COVID per bambini da 6 mesi a 5 anni. Dai un'occhiata al video di osintleaks! #TikTok 	datanalysis1	GG_18	Green light to COVID vaccines for children from 6 months to 5 years. Check out the osintleaks video! #TikTok	Green light to COVID vaccines for children from 6 months to 5 years. Check out the osintleaks video! #TikTok
Delusa, avvilita, amareggiata, stufa, incazzata....non andr√≤ mai pi√π a votare! Questa teppaglia non merita pi√π nemmeno un attimo del mio tempo  #NoGreenPassObbligatorio #novax	chlarav	U_150	Disappointed, dejected, embittered, fed up, pissed off....I'll never go to vote again! This thug doesn't deserve even a moment of my time anymore #NoGreenPassObligatorio #novax	Disappointed, dejected, embittered, fed up, pissed off....I'll never go to vote again! This thug doesn't deserve even a moment of my time anymore #NoGreenPassObligatorio #novax
¬´I vaccini sono pericolosi¬ª: cos√¨ la giudice di Firenze reintegra al lavoro la psicologa no vax 	Corriere	EE_180	Vaccines are dangerous: thus the judge of Florence reinstates the no-vax psychologist to work	Vaccines are dangerous: thus the judge of Florence reinstates the no-vax psychologist to work
L'efficacia del vaccino √® cos√¨ alta che si possono presentare subito le carte per l'autorizzazione  Pier Luigi Lopalco #Staseraitalia 	StaseraItalia	K_148	The effectiveness of the vaccine is so high that the authorization papers can be presented immediately Pier Luigi Lopalco #Staseraitalia	The effectiveness of the vaccine is so high that the authorization papers can be presented immediately Pier Luigi Lopalco #Staseraitalia
Secondo voi, il ripugnante #Draghi quanto ci far√†‚Äô col business vaccini? Quanti zeri? 	NSegreta	V_467	In your opinion, how much will the repulsive #Dragons do with the vaccine business? How many zeros?	In your opinion, how much will the repulsive #Dragons do with the vaccine business? How many zeros?
Un Italiano su 2 non vuole fare il vaccino, perch√© √© convinto che non serve a nulla, lo dicono illustri prof. come Montanari, Tarro, Bacco ecc. 	Euseb53	F_332	One Italian out of 2 does not want to get the vaccine, because he is convinced that it is useless, illustrious professors say. such as Montanari, Tarro, Bacchus etc.	One Italian out of 2 does not want to get the vaccine, because he is convinced that it is useless, illustrious professors say. such as Montanari, Tarro, Bacchus etc.
"Marco Rizzo-PC:  Speranza ha fatto un esperimento di controllo sociale con i vaccini, e contro ...""  22"	TommyBrain	II_167	"Marco Rizzo-PC: Speranza made an experiment of social control with vaccines, and against ..."" 22"	"Marco Rizzo-PC: Speranza made an experiment of social control with vaccines, and against ..."" 22"
DIARIO USA/ Biden, Trump, vax e no, Nba, Cnn: buon Natale a noi, poveri e fragili 	KattInForma	W_60	USA DIARY/ Biden, Trump, vax and no, Nba, Cnn: Merry Christmas to us, poor and fragile	USA DIARY/ Biden, Trump, vax and no, Nba, Cnn: Merry Christmas to us, poor and fragile
Il #coronavirus non √® pericoloso, il #vaccino s√¨: la verit√† di un bestseller tedesco che sconvolge i piani per sconfiggere il Covid  	GiancarloDeRisi	I_131	The #coronavirus is not dangerous, the #vaccine is: the truth of a German bestseller that upsets plans to defeat Covid	The #coronavirus is not dangerous, the #vaccine is: the truth of a German bestseller that upsets plans to defeat Covid
Coronavirus latest: China vaccine 78% effective in Brazil trial - Nikkei Asia 	ChinaFansclub	M_188	Coronavirus latest: China vaccine 78% effective in Brazil trial - Nikkei Asia	Coronavirus latest: China vaccine 78% effective in Brazil trial - Nikkei Asia
Ricominciano. Boicottaggio su tutta la linea! 	PortoFedora	CC_378	They start again. Boycott across the board!	They start again. Boycott across the board!
Sto provando a prenotare su regione Lazio il vaccino ma √® un Fake ... ho clikkato su 3 date diverse 10/16/21 aprile su tre siti diversi da Roma 1 fino a Roma 3 e mi dice che c √® gi√† una prenotazione in atto üò≥üò≥üò≥. La disponibilit√† la d√† il software non la scelgo io	alessan47586283	P_178	I'm trying to book the vaccine on the Lazio region but it's a Fake ... I clicked on 3 different dates 10/16/21 April on three different sites from Rome 1 to Rome 3 and it tells me that there is already a reservation in progress üò≥üò≥üò≥. The software gives me availability, I don't choose it	I'm trying to book the vaccine on the Lazio region but it's a Fake ... I clicked on 3 different dates 10/16/21 April on three different sites from Rome 1 to Rome 3 and it tells me that there is already a reservation in progress :flushed_face::flushed_face::flushed_face:. The software gives me availability, I don't choose it
Secondo me stanno gi√† producendo un vaccino a forma di supposta	BrugolaDigitAle	N_220	In my opinion they are already producing a vaccine in the form of a suppository	In my opinion they are already producing a vaccine in the form of a suppository
Vaccini. Gimbe: ‚ÄúIl governo non ha un piano per l‚Äôinverno‚Äù 	news_mondo_h24	FF_192	"Vaccines. Gimbe: ""The government does not have a plan for the winter"""	"Vaccines. Gimbe: ""The government does not have a plan for the winter"""
Vaccino italiano, funzionano anticorpi CLICCA PER LEGGERE 	Lasiciliaweb	E_301	Italian vaccine, antibodies work CLICK TO READ	Italian vaccine, antibodies work CLICK TO READ
"Il vaccino c'√®: √® la globalizzazione  Cerasa, un genio prestato al ""giornalismo"" "	OlimpiaOlimpo	A_409	"There is a vaccine: it is globalization Cerasa, a genius lent to ""journalism"""	"There is a vaccine: it is globalization Cerasa, a genius lent to ""journalism"""
Gran parte degli italiani in giallo, assapora uno scampolo di normalit√†. Non Basilicata, Calabria, Puglia, Sicilia, Sardegna e Valle d'Aosta per una settimana ancora. Qualcuno delle Regioni e Comuni vuole fare mea culpa? Errori/malaffare sui vaccini, no controlli su popolazione	AlessLongo	P_133	Most of the Italians in yellow, savor a remnant of normality. Not Basilicata, Calabria, Puglia, Sicily, Sardinia and Valle d'Aosta for one more week. Does anyone from the Regions and Municipalities want to do mea culpa? Vaccine errors / malfeasance, no population controls	Most of the Italians in yellow, savor a remnant of normality. Not Basilicata, Calabria, Puglia, Sicily, Sardinia and Valle d'Aosta for one more week. Does anyone from the Regions and Municipalities want to do mea culpa? Vaccine errors / malfeasance, no population controls
Coronavirus Roma, al via allo Spallanzani la sperimentazione del vaccino sull'uomo  	ItaliaNEWS	H_324	Coronavirus Rome, the experimentation of the vaccine on humans is underway at Spallanzani	Coronavirus Rome, the experimentation of the vaccine on humans is underway at Spallanzani
STUDIO BATTAGLIA: DAL 15 MARZO LE AVVOCATE DI RAI1 TRA DIVORZI, VACCINI E ADOZIONI 	bubinoblog	AA_399	STUDIO BATTAGLIA: RAI1 LAWYERS BETWEEN DIVORCES, VACCINES AND ADOPTIONS FROM MARCH 15TH	STUDIO BATTAGLIA: RAI1 LAWYERS BETWEEN DIVORCES, VACCINES AND ADOPTIONS FROM MARCH 15TH
Breve storia triste di un incontro con un amico che non vedi da anni. Io: Ciao come va? Lui: bene, ma lo hai fatto il vaccino? Io: No e nemmeno lo far√≤. Lui: ma che sei un coglione negazionista? Io: Ciao! ..... üò°	StefanoDiFran11	R_355	Short sad story about meeting a friend you haven't seen for years. Me: Hi how are you? Him: fine, but did you get the vaccine? Me: No and I won't either. Him: what are you a denialist asshole? Me: Hello! ..... üò°	Short sad story about meeting a friend you haven't seen for years. Me: Hi how are you? Him: fine, but did you get the vaccine? Me: No and I won't either. Him: what are you a denialist asshole? Me: Hello! ..... :pouting_face:
Il vaccino di AstraZeneca utilizza un adenovirus di scimmia che condivide un gene con il coronavirus Covid-19. A differenza del colpo di AstraZeneca, lo Sputnik V russo, il primo vaccino registrato al mondo, utilizza gli adenovirus umani come vettore, un approccio ampiamente.....	cinzia_palmacci	I_460	AstraZeneca's vaccine uses a monkey adenovirus that shares a gene with the Covid-19 coronavirus. Unlike AstraZeneca's coup, Russia's Sputnik V, the world's first registered vaccine, uses human adenoviruses as a vector, an approach widely‚Ä¶	AstraZeneca's vaccine uses a monkey adenovirus that shares a gene with the Covid-19 coronavirus. Unlike AstraZeneca's coup, Russia's Sputnik V, the world's first registered vaccine, uses human adenoviruses as a vector, an approach widely‚Ä¶
Podr√≠amos tomarnos el d√≠a de trabajo lxs que tenemos la vacuna rusa ya que el mundo nos odia?	LuCocomiel	Z_314	Could we take the day off work who have the Russian vaccine since the world hates us?	Could we take the day off work who have the Russian vaccine since the world hates us?
Fate parlare di pi√π la Lorenzin üêê e anche Fauci ti diventa no-vax   #Piazzapulita	rramanz	X_24	Make Lorenzin talk more üêê and even Fauci becomes no-vax #Piazzapulita	Make Lorenzin talk more :goat: and even Fauci becomes no-vax #Piazzapulita
Tornando alle cose serie. Questa √® una carestia! Non esiste!  Sono in crisi! Ho voglia di tornare a limonare, oh! Quando lo trovate sto vaccino? Non so fino a che punto riuscir√≥ a trattenere il mio accappatoio. Qui c'√® bisogno di figa #pandemia #CoronaVirusitaly	TheDarioLeo	C_31	Back to serious stuff. This is a famine! Does not exist! I'm in crisis! I want to go back to making out, oh! When do you find this vaccine? I don't know how far I will be able to hold on to my bathrobe. We need some pussy here #pandemic #CoronaVirusitaly	Back to serious stuff. This is a famine! Does not exist! I'm in crisis! I want to go back to making out, oh! When do you find this vaccine? I don't know how far I will be able to hold on to my bathrobe. We need some pussy here #pandemic #CoronaVirusitaly
"Una loro riduzione, fra le varie cause, pu√≤ essere provocata come reazione dell‚Äôorganismo all‚Äôassunzione di alcuni farmaci, quindi, nel caso attuale, nell‚Äôinoculazione di un vaccino.""  üìö Unisciti a STUDI SCIENTIFICI"	SoleInvitto	BB_223	"Their reduction, among the various causes, can be caused as a reaction of the body to the intake of some drugs, therefore, in the current case, in the inoculation of a vaccine."" üìö Join SCIENTIFIC STUDIES"	"Their reduction, among the various causes, can be caused as a reaction of the body to the intake of some drugs, therefore, in the current case, in the inoculation of a vaccine."" :books: Join SCIENTIFIC STUDIES"
[4/n] Ya sea por infecci√≥n, por vacunaci√≥n (al menos por un tiempo) o por muerte, parte de la poblaci√≥n no puede contagiar m√°s. Mientras tanto, en el tiempo, vamos a seguir contabilizando muertes (triste, pero un hecho).	federicolois	H_57	[4/n] Either by infection, by vaccination (at least for a while) or by death, part of the population can no longer infect. Meanwhile, in time, we will continue to count deaths (sad, but a fact).	[4/n] Either by infection, by vaccination (at least for a while) or by death, part of the population can no longer infect. Meanwhile, in time, we will continue to count deaths (sad, but a fact).
Estoy cansada, pero creo que es por la vacuna	nixxiend	Z_3	I'm tired, but I think it's because of the vaccine	I'm tired, but I think it's because of the vaccine
Perch√© non mi sorprende la lentezza con la quale l'Italia sta affrontando i primi giorni di vaccinazione? #vaccination	MassimoRozzi	M_134	Why doesn't it surprise me how slowly Italy is tackling the first days of vaccination? #vaccination	Why doesn't it surprise me how slowly Italy is tackling the first days of vaccination? #vaccination
Camionisti no - vax fuori controllo: lOntario dichiara lo stato demergenza -  #Camionisti #fuori #controllo:  	zazoomblog	Z_126	Truckers no - vax out of control: Ontario declares state of emergency - #Truckers #out of #control:	Truckers no - vax out of control: Ontario declares state of emergency - #Truckers #out of #control:
i commenti che mi fanno pi√π ridere sono quelli che dicono che esperti hanno detto che non bisogna farlo e nel momento in cui chiedi loro il nome non rispondono pi√π e quelli che dicono: - ci vogliono ALMENO 3 anni per sviluppare un vaccino	blackh4ired	M_11	the comments that make me laugh the most are those who say that experts have said that it shouldn't be done and when you ask their name they no longer respond and those who say: - it takes AT LEAST 3 years to develop a vaccine	the comments that make me laugh the most are those who say that experts have said that it shouldn't be done and when you ask their name they no longer respond and those who say: - it takes AT LEAST 3 years to develop a vaccine
"Pi√π che delle scorte di ""vaccini"" mi preoccuperei di pi√π delle scorte di gas.  Ma giustamente se ordini pi√π ""vaccini"", poi serve meno gas se i primi fanno il loro corso."	Leonard1306__	CC_82	"More than stocks of ""vaccines"" I would worry more about gas stocks. But rightly so if you order more ""vaccines"", then less gas is needed if the former run their course."	"More than stocks of ""vaccines"" I would worry more about gas stocks. But rightly so if you order more ""vaccines"", then less gas is needed if the former run their course."
Covid: Svizzera, 91/enne morto dopo vaccino, nessun nesso 	sardanews	L_129	Covid: Switzerland, 91 / year old died after vaccine, no connection	Covid: Switzerland, 91 / year old died after vaccine, no connection
Quarta dose ai fragili, avanti piano il primo giorno solo un vaccinato 	infoitinterno	AA_281	Fourth dose to the frail, slowly on the first day only one vaccinated	Fourth dose to the frail, slowly on the first day only one vaccinated
Studiare rende pavidi, ho amici ingegneri che dopo aver fatto calcoli precisi sovradimensionano e medici che consigliano vaccini a perfettamente sani. Noi #nocose invece siamo sicuri e coraggiosi.	Barillarisson	CC_465	Studying makes you fearful, I have engineer friends who, after making precise calculations, oversize and doctors who recommend vaccines to perfectly healthy people. We #nothings, on the other hand, are safe and courageous.	Studying makes you fearful, I have engineer friends who, after making precise calculations, oversize and doctors who recommend vaccines to perfectly healthy people. We #nothings, on the other hand, are safe and courageous.
Il complotto #Covid_19 dimostrato  Il Darwin Awards, il premio assegnato alle morti pi√π stupide dell‚Äôanno, si √® interrotto nel 2018. Qualcuno (ecco!) doveva aver preavvertito i giurati del prossimo arrivo del Covid e della successione di vittime no-vax convinte del complotto.	mrctrdsh	T_11	The #Covid_19 conspiracy demonstrated The Darwin Awards, the prize awarded to the most stupid deaths of the year, was interrupted in 2018. Someone (here!) must have warned the jurors of the imminent arrival of Covid and the succession of convinced no-vax victims of the conspiracy.	The #Covid_19 conspiracy demonstrated The Darwin Awards, the prize awarded to the most stupid deaths of the year, was interrupted in 2018. Someone (here!) must have warned the jurors of the imminent arrival of Covid and the succession of convinced no-vax victims of the conspiracy.
Moderna +16% on positive CMV vaccine data 	AggarwalTweets	A_340	Moderna +16% on positive CMV vaccine data	Moderna +16% on positive CMV vaccine data
al liceo di mio fratello hanno messo una uscita per i vaccinati e una per i non vaccinati, wtf ma √® cos√¨ ovunque o solo qua?	arvizzibruh	U_179	in my brother's high school they put an exit for the vaccinated and one for the unvaccinated, wtf is it like this everywhere or just here?	in my brother's high school they put an exit for the vaccinated and one for the unvaccinated, wtf is it like this everywhere or just here?
Covid Cina, al via somministrazione primo vaccino inalabile al mondo: (Adnkronos) - Dopo Shanghai anche altre citt√† hanno dato il via libera  	fisco24_info	HH_231	Covid China, the first inhalable vaccine in the world is being administered: (Adnkronos) - After Shanghai, other cities have also given the green light	Covid China, the first inhalable vaccine in the world is being administered: (Adnkronos) - After Shanghai, other cities have also given the green light
Genocidio da #vaccino anti #COVID19 fase 3: terza dose √® gi√† arrivata la prima vittima !!!! #AstraZeneca #vaccini #NoGreenPass #NoGreenPassObbligatorio #Draghi #GovernoDraghi #Speranza 	DonatoPorreca	V_39	Genocide from #COVID19 #vaccine phase 3: third dose the first victim has already arrived!!!! #AstraZeneca #vaccini #NoGreenPass #NoGreenPassObligatorio #Draghi #GovernoDraghi #Hope	Genocide from #COVID19 #vaccine phase 3: third dose the first victim has already arrived!!!! #AstraZeneca #vaccini #NoGreenPass #NoGreenPassObligatorio #Draghi #GovernoDraghi #Hope
Covid: Mattarella lascia Spallanzani dopo seconda dose vaccino 	infoitinterno	P_397	Covid: Mattarella leaves Spallanzani after second vaccine dose	Covid: Mattarella leaves Spallanzani after second vaccine dose
Vaccino anti-Covid, a Parma prime dosi al Maggiore 	infoitinterno	L_388	Anti-Covid vaccine, first doses to the Major in Parma	Anti-Covid vaccine, first doses to the Major in Parma
‚ÄúGiorno della Memoria‚Äù 27 gennaio 2022  Provo un pesante odio verso i no vax J-Ax, cantante	PacoLoc98342102	Y_332	Remembrance Day January 27, 2022 I feel a heavy hatred towards the no vax J-Ax, singer	Remembrance Day January 27, 2022 I feel a heavy hatred towards the no vax J-Ax, singer
non ho mai letto mezza critica sensata nei confronti di sarri e dire che di cose da criticare ce ne sono ma c‚Äô√® modo e modo anche per fare quello ma no sarri potrebbe trovare il vaccino per il covid e certa gente direbbe che allegri l‚Äôavrebbe trovato prima	ohmyramsey	G_427	I've never read half a sensible criticism of sarri and to say that there are some things to criticize but there is also a way and a way to do that but no, sarri could find the vaccine for covid and some people would say that happy the would have found sooner	I've never read half a sensible criticism of sarri and to say that there are some things to criticize but there is also a way and a way to do that but no, sarri could find the vaccine for covid and some people would say that happy the would have found sooner
Se dici che i lockdown non servono a nulla, sei un negazionista.  Se dici che il super green pass √® discriminatorio, sei un no-vax da incatenare. Se provi a ragionare sulla guerra Russia-Ucraina, sei filo-Putin. Se non dici quello che vogliono loro, sei un nemico da abbattere.	GiuseppePalma78	GG_242	If you say lockdowns are useless, you are a denier. If you say that the super green pass is discriminatory, you are a no-vax to be chained. If you try to think about the Russia-Ukraine war, you are pro-Putin. If you don't tell them what they want, you are an enemy to be brought down.	If you say lockdowns are useless, you are a denier. If you say that the super green pass is discriminatory, you are a no-vax to be chained. If you try to think about the Russia-Ukraine war, you are pro-Putin. If you don't tell them what they want, you are an enemy to be brought down.
"Andr√≤ a vaccinarmi indossando una maglietta con su scritto ""IO NON MI VACCINO""  Coerenza merda, sempre. Non me chiamo Calenda."	RealHumanBean_7	R_402	I'm going to get vaccinated wearing a shirt that says ‚Ä≤‚Ä≤ I DON ' T VACCIN ‚Ä≤‚Ä≤ Consistency shit, always. My name is not Calenda.	I'm going to get vaccinated wearing a shirt that says ‚Ä≤‚Ä≤ I DON ' T VACCIN ‚Ä≤‚Ä≤ Consistency shit, always. My name is not Calenda.
La campagna vaccinale √® stata un successo. Il vaccino funziona e i contagi sono diminuiti. Si vede üòÇüòÇüòÇüòÇüòÇ Buffoni!   #STATODIEMERGENZA	Angie_Pinkmeup	X_433	The vaccination campaign was a success. The vaccine works and the infections have decreased. It shows üòÇüòÇüòÇüòÇüòÇ Buffoons! #STATODIEMERGENCY	The vaccination campaign was a success. The vaccine works and the infections have decreased. It shows :face_with_tears_of_joy::face_with_tears_of_joy::face_with_tears_of_joy::face_with_tears_of_joy::face_with_tears_of_joy: Buffoons! #STATODIEMERGENCY
"Coronavirus, a Pomezia si studia il vaccino: ""Cos√¨ costruiamo le difese dell'uomo"" "	RepubblicaTv	C_11	"Coronavirus, the vaccine is being studied in Pomezia: ""This is how we build man's defenses"""	"Coronavirus, the vaccine is being studied in Pomezia: ""This is how we build man's defenses"""
"Vaccino ai bambini, il Giappone lancia l‚Äôallarme: ""Rischio di gravi effetti collaterali""  via ://twitter.com/gparagone"	NelaBombelli	X_389	"Vaccine for children, Japan raises the alarm: ""Risk of serious side effects"" via ://twitter.com/gparagone"	"Vaccine for children, Japan raises the alarm: ""Risk of serious side effects"" via ://twitter.com/gparagone"
Siamo nel mezzo di una pandemia che assorbe gran parte delle risorse ed energie preventive a disposizione del Sistema Sanitario Nazionale. Un problema che colpisce non solo la salute dei bambini ma siconferma anche nelle vaccinazioni dell‚Äôadulto e   	salutegreen24	Y_144	We are in the midst of a pandemic that absorbs a large part of the preventive resources and energies available to the National Health System. A problem that affects not only the health of children but is also confirmed in adult vaccinations and	We are in the midst of a pandemic that absorbs a large part of the preventive resources and energies available to the National Health System. A problem that affects not only the health of children but is also confirmed in adult vaccinations and
#ottoemezzo grande #Cacciari #vaccini #multinazionali #speculatori #europa #ristori #licenziamenti ....tutto!	GIULIANA7G	O_136	#ottoemezzo grande #Hunters #vaccines #multinationals #speculators #europe #refreshments #layoffs .... everything!	#ottoemezzo grande #Hunters #vaccines #multinationals #speculators #europe #refreshments #layoffs .... everything!
Terni, addio a Lollo: ¬´Per sempre con noi¬ª | umbriaON un‚Äôaltro ragazzo vaccinato #fermatequestipazzi #mettevelialculoquestisieridelcazzo 	compierchiogius	W_151	Terni, goodbye to Lollo: ¬´Forever with us¬ª | umbriaON another vaccinated boy #fermatequestipazzi #mettevelialculoquestisieridelcazzo	Terni, goodbye to Lollo: ¬´Forever with us¬ª | umbriaON another vaccinated boy #fermatequestipazzi #mettevelialculoquestisieridelcazzo
Sono finalmente riuscita a prenotarmi il vaccino dopo quasi un mese dato che il CUP della farmacia continuava ad avere problemi con il portale per la mia fascia d‚Äôet√†	wuxlng	S_380	I finally managed to book the vaccine after almost a month as the pharmacy CUP kept having problems with the portal for my age group	I finally managed to book the vaccine after almost a month as the pharmacy CUP kept having problems with the portal for my age group
"Video ""Devo fare questo video perche' ne  ho bisogno. La TV e il vaccino sono le cose che hanno appena ucciso mio padre e stanno facendo lo stesso con mia madre ,ormai moribonda"" "	Vito68122235	FF_377	"Video ""I have to make this video because I need it. TV and the vaccine are the things that just killed my father and are doing the same to my now dying mother"""	"Video ""I have to make this video because I need it. TV and the vaccine are the things that just killed my father and are doing the same to my now dying mother"""
Vaccine vacche time ki herd immunity sadinchela undi society	OnlyFrPSPK	G_465	Vaccine vacche time ki herd immunity sadinchela undi society	Vaccine vacche time ki herd immunity sadinchela undi society
E poi ha secretato i documenti sui vaccini... Cuntachintedemmerda!!! 	BugieAllaRovesc	GG_134	And then he secreted the documents about the vaccines... Contachintedemerda!!!	And then he secreted the documents about the vaccines... Contachintedemerda!!!
Ad oggi Norvegia ha vaccinato 33mila persone.  Secondo il piano vaccinale norvegese, le prime categorie da vaccinare sono:  - ospiti RSA e personale sanitario selezionato  - 85+  - 75-84  2/n  	diabolicus23	M_332	To date, Norway has vaccinated 33,000 people. According to the Norwegian vaccination plan, the first categories to be vaccinated are: - RSA guests and selected healthcare personnel - 85+ - 75-84 2/n	To date, Norway has vaccinated 33,000 people. According to the Norwegian vaccination plan, the first categories to be vaccinated are: - RSA guests and selected healthcare personnel - 85+ - 75-84 2/n
"Covid, Ilaria Capua: ""Vaccino poteva essere pronto in 6 mesi"" "	infoitsalute	G_11	"Covid, Ilaria Capua: ""Vaccine could be ready in 6 months"""	"Covid, Ilaria Capua: ""Vaccine could be ready in 6 months"""
Covid: 2,6 mln di vaccini fermi in frigo, 'no ritardi ma scorte per richiami e nuovi arrivi': Roma, 7 apr. (Adnkronos Salute) - C'√® un dato che allarma nella corsa della campagna vaccinale verso l'obiettivo delle 500mila immunizzazioni al giorno: 2,6...  	giornaleradiofm	P_250	Covid: 2.6 million vaccines still in the fridge, 'no delays but stocks for recalls and new arrivals': Rome, 7 April. (Adnkronos Salute) - There is an alarming figure in the race of the vaccination campaign towards the goal of 500,000 immunizations per day: 2.6...	Covid: 2.6 million vaccines still in the fridge, 'no delays but stocks for recalls and new arrivals': Rome, 7 April. (Adnkronos Salute) - There is an alarming figure in the race of the vaccination campaign towards the goal of 500,000 immunizations per day: 2.6...
"Coronavirus, Veneto a contagio zero, ma commissario Arcuri avverte: ""Non √® finita, finir√† solo quando ci sar√† vaccino. Bene App Immuni, scaricatela""  "	ilgiornale	F_336	"Coronavirus, Veneto with zero contagion, but Commissioner Arcuri warns: ""It's not over, it will only end when there is a vaccine. Good Immuni App, download it"""	"Coronavirus, Veneto with zero contagion, but Commissioner Arcuri warns: ""It's not over, it will only end when there is a vaccine. Good Immuni App, download it"""
#andria #news Vaccini, consegnate oggi nella Bat altre 20mila dosi Pfizer - Andria news24city 	andria_news	R_133	#andria #news Vaccines, another 20 thousand Pfizer doses delivered today in the Bat - Andria news24city	#andria #news Vaccines, another 20 thousand Pfizer doses delivered today in the Bat - Andria news24city
Volontaria per vaccino anti Covid, dopo un mese ‚ÄúMi sento molto bene‚Äù 	infoitsalute	F_312	"Volunteer for the anti Covid vaccine, after a month ""I feel very good"""	"Volunteer for the anti Covid vaccine, after a month ""I feel very good"""
√à importante che l'Asp di #ReggioCalabria si doti subito di strumenti adeguati per la prenotazione telematica, al fine di evitare code e rischio assembramenti, ripristinando le condizioni di sicurezza per i cittadini fruitori del servizio di vaccinazione. 	g_falcomata	D_450	It is important that the Asp of #ReggioCalabria immediately equip itself with adequate tools for telematic booking, in order to avoid queues and risk of gatherings, restoring the safety conditions for citizens who use the vaccination service.	It is important that the Asp of #ReggioCalabria immediately equip itself with adequate tools for telematic booking, in order to avoid queues and risk of gatherings, restoring the safety conditions for citizens who use the vaccination service.
#Piemonte 12/03/21 ROSSO #COVID  ‚ñ™Ô∏èTerapie intensive: + 4 ‚ñ™Ô∏èMorti: + 1 Dov'√® l'emergenza‚ùì  Mi piacerebbe avere due dati da aggiungere:  ‚ñ™Ô∏èEventi avversi da vaccino: ...... ‚ñ™Ô∏èMorti #NessunaCorrelazione: ......  Grazie a chi vorr√† completare questo scema  La rana √® bollita	FmMosca	O_310	#Piedmont 12/03/21 RED #COVID ‚ñ™Ô∏è Intensive care: + 4 ‚ñ™Ô∏è Deaths: + 1 Where is the emergency ‚ùì I'd like to have two data to add: ‚ñ™Ô∏è Adverse vaccine events: ...... ‚ñ™Ô∏è Deaths #NoCorrelation: ...... Thanks to whoever wants to complete this silly The frog is boiled	#Piedmont 12/03/21 RED #COVID :black_small_square: Intensive care: + 4 :black_small_square: Deaths: + 1 Where is the emergency :red_question_mark: I'd like to have two data to add: :black_small_square: Adverse vaccine events: ...... :black_small_square: Deaths #NoCorrelation: ...... Thanks to whoever wants to complete this silly The frog is boiled
"bisogna scrivere subito  che non c'√® connessione col vaccino   senza aggiungere ""ANCORA,  E CHE LA NEGHEREMO SEMPRE !!!! ""   Miami, morto noto ginecologo. ""Si sent√¨ male 3 giorni dopo il vaccino Pfizer"" -  "	rosaca	M_152	"we must immediately write that there is no connection with the vaccine without adding ""STILL, AND WE WILL ALWAYS DENIAL IT !!!! "" Miami, known gynecologist died. ""He felt sick 3 days after the Pfizer vaccine"" -"	"we must immediately write that there is no connection with the vaccine without adding ""STILL, AND WE WILL ALWAYS DENIAL IT !!!! "" Miami, known gynecologist died. ""He felt sick 3 days after the Pfizer vaccine"" -"
üî¥#Piemonte #Covid_19 #31maggio   126 casi positivi su 3.129 tamponi molecolari (4% positivi), 333 guariti e 7 decessi. Crescono le terapie intensive (+1, 81) mentre scendono i ricoveri (-31, 594).  #Vaccinati +28.209 dosi (2.502.536 tot.)   	lucarango88	Q_339	üî¥#Piemonte #Covid_19 #31May 126 positive cases out of 3,129 molecular swabs (4% positive), 333 recovered and 7 deaths. Intensive care is growing (+1, 81) while hospitalizations are falling (-31, 594). #Vaccinated +28,209 doses (2,502,536 tot.)	:red_circle:#Piemonte #Covid_19 #31May 126 positive cases out of 3,129 molecular swabs (4% positive), 333 recovered and 7 deaths. Intensive care is growing (+1, 81) while hospitalizations are falling (-31, 594). #Vaccinated +28,209 doses (2,502,536 tot.)
La situazione √® molto grave :Reazione avversa di un ragazzino di 12 anni al vaccino CV  in #Malesia #Speranza 	GestriLoris	V_474	The situation is very serious : Adverse reaction of a 12-year-old boy to the CV vaccine in #Malaysia #Hope	The situation is very serious : Adverse reaction of a 12-year-old boy to the CV vaccine in #Malaysia #Hope
BROGLI E NON E' LA PRIMA VOLTA ...IN FRANCIA - CONTINUA LA GUERRA BIOLOGICA DEI VACCINI IN ITALIA...	LICIO15	BB_308	BROGLI AND IT'S NOT THE FIRST TIME... IN FRANCE - THE BIOLOGICAL WAR OF VACCINES CONTINUES IN ITALY...	BROGLI AND IT'S NOT THE FIRST TIME... IN FRANCE - THE BIOLOGICAL WAR OF VACCINES CONTINUES IN ITALY...
Gran Bretagna, crescono contagi e mortalit√†: ¬´Pesa l‚Äôeffetto Europei¬ª-  üòÇüòÇüòÇ europei? Vaccino perch√© non lo dite!!! 	BettaninManuela	T_475	Great Britain, infections and mortality are growing: ¬´The European effect weighs¬ª- üòÇüòÇüòÇ Europeans? Vaccine why don't you say!!!	Great Britain, infections and mortality are growing: ¬´The European effect weighs¬ª- :face_with_tears_of_joy::face_with_tears_of_joy::face_with_tears_of_joy: Europeans? Vaccine why don't you say!!!
Ho appena ricevuto la quarta dose. Consiglio a tutti di farla per proteggere noi e gli altri. Il covid sta tornando‚Ä¶  La quarta dose √® il nostro scudo. I vaccini salvano vite. #quartadose #vaccino #VACCINATEVI	Mion3Luca	GG_253	I just received the fourth dose. I advise everyone to do it to protect us and others. covid is coming back... The fourth dose is our shield. Vaccines save lives. #quartadose #vaccine #VACCIN YOURSELF	I just received the fourth dose. I advise everyone to do it to protect us and others. covid is coming back... The fourth dose is our shield. Vaccines save lives. #quartadose #vaccine #VACCIN YOURSELF
"Piero Angela: ‚ÄúFidiamoci degli esperti senza cambiare vita‚Äù.  Il giornalista: ""Questa √® una epidemia seria, ma in attesa del vaccino le cure ci sono e funzionano. Bisogna evitare le fake news che drammatizzano"" #COVID„Éº19 "	LaPrimaManina	B_48	"Piero Angela: ""Let's trust the experts without changing our lives"". The journalist: ""This is a serious epidemic, but while waiting for the vaccine, the treatments are there and they work. We must avoid the fake news that dramatize"" #COVID„Éº19"	"Piero Angela: ""Let's trust the experts without changing our lives"". The journalist: ""This is a serious epidemic, but while waiting for the vaccine, the treatments are there and they work. We must avoid the fake news that dramatize"" #COVID„Éº19"
Ma l'Inghilterra non aveva iniziato il piano vaccinale ? allora il vaccino non funziona se i casi aumentano  #staseraitalia #nonelarena	Ariel2575	L_52	But hadn't England started the vaccination plan? then the vaccine doesn't work if the cases increase #staseraitalia #nonelarena	But hadn't England started the vaccination plan? then the vaccine doesn't work if the cases increase #staseraitalia #nonelarena
Stamattina in strada c'√® stavo solo io con la mascherina!üòÑ non mi sono fatta tutti i vaccini quindi preferisco portarla!üòâ non mi da fastidio! Anche perche' il virus e' ancora in giro e voglio star tranquilla!üòâ	an_gy2289	CC_393	This morning there was only me on the street with a mask! üòÑ I haven't had all the vaccines so I prefer to wear it! üòâ it doesn't bother me! Also because the virus is still around and I want to stay calm!üòâ	This morning there was only me on the street with a mask! :grinning_face_with_smiling_eyes: I haven't had all the vaccines so I prefer to wear it! :winking_face: it doesn't bother me! Also because the virus is still around and I want to stay calm!:winking_face:
"Vaccino Covid, Locatelli: ""Per fine marzo 13 milioni dosi"": Il presidente del Consiglio superiore di sanit√†: ""Che la variante inglese diventi nella prossima settimana prevalente nel paese √® largamente prevedibile""  "	fisco24_info	N_6	"Covid vaccine, Locatelli: ""13 million doses by the end of March"": The president of the Higher Health Council: ""That the English variant will become prevalent in the country next week is largely predictable"""	"Covid vaccine, Locatelli: ""13 million doses by the end of March"": The president of the Higher Health Council: ""That the English variant will become prevalent in the country next week is largely predictable"""
#Sovranisti scatenati perch√® le case #farmaceutiche che sperimentano il #vaccino stanno aumentando di valore in #BORSA. Non capiscono che √® una buona notizia. Non solo per la cura. Ma anche per tutti quelli, tantissimi, che acquistano i titoli.	AndreaLompio53	B_11	#Sovereignists unleashed because the #pharmaceutical companies experimenting with the #vaccine are increasing in value in the #BASE. They don't understand that it's good news. Not just for the cure. But also for all those, many, who buy the securities.	#Sovereignists unleashed because the #pharmaceutical companies experimenting with the #vaccine are increasing in value in the #BASE. They don't understand that it's good news. Not just for the cure. But also for all those, many, who buy the securities.
MA LA MANIFESTAZIONE X TUTTI I MORTI POST- VACCINO....in ITALIA,quando si fa????? In EUROPA si muovono tutti....NOI STATICI ,COME SEMPRE!!!!!!	CARLA78120656	EE_251	BUT THE EVENT FOR ALL THE DEAD POST-VACCINE.... in ITALY, when is it done????? In EUROPE everyone moves....WE STATICS, AS ALWAYS!!!!!!	BUT THE EVENT FOR ALL THE DEAD POST-VACCINE.... in ITALY, when is it done????? In EUROPE everyone moves....WE STATICS, AS ALWAYS!!!!!!
Quanto manca al termine delle vaccinazioni #AntiCovid?   Con la media attuale di #vaccinazioni ci vorranno ùü≠ùüØùü¨ùü± ùó¥ùó∂ùóºùóøùóªùó∂ per le prime somministrazioni.  Per i richiami,  ùüµ ùó¥ùó∂ùóºùóøùóªùó∂.  Segui il nostro contatore:   #COVID19 #2febbraio #coronavirus 	Zeta_Luiss	N_242	How long until the end of the #AntiCovid vaccinations? With the current average of #vaccinations, it will take 10,000 for the first administrations. For recalls, ùüµ ùó¥ùó∂ùóºùóøùóªùó∂. Follow our counter: #COVID19 #2 February #coronavirus	How long until the end of the #AntiCovid vaccinations? With the current average of #vaccinations, it will take 10,000 for the first administrations. For recalls, ùüµ ùó¥ùó∂ùóºùóøùóªùó∂. Follow our counter: #COVID19 #2 February #coronavirus
