	text	unique_id	stance
1	Vaccini covid: in Piemonte superata la quota di 9 milioni di dosi somministrate  	Y_134	4
2	Sputnik:Nel Lazio vaccinazione antinfluenzale obbligatoria da settembre  75	D_334	4
3	Quasi due milioni di liguri hanno ricevuto la terza dose di vaccino¬†anti-Covid 	CC_303	4
4	Vaccino Covid, il piano per gli under 65 in Liguria: chi potr√† riceverlo e come prenotarsi 	N_31	4
9	Covid, pi√π di 100 mila vaccini nelle farmacie  #Sicilia #LiveSicilia	CC_110	4
10	Ma che senso ha fare una mobilitazione nazionale per distribuire poche dosi di vaccino a tutte le regioni con una spesa enorme nel trasporto, sarebbe stato pi√π logico aspettare l'arrivo di milioni di dosi e procedere ad una significativa distribuzione	L_11	4
11	#Venezia, ULSS 3 Serenissima: #Vaccino #AstraZeneca, su prenotazione, anche agli ultraottantenni in buona salute nati fra il 1930 e il '37. 	O_384	4
12	Un mio amico,medico fisiatra,davanti ad un caff√® mi ha detto che ho sempre avuto ragione io, e di conseguenza i ‚Äúnovax‚Äù. Lui √® stato costretto a vaccinarsi e si sente amareggiato e incaxxato per aver subito il ricatto. Imbarazzante,ho dovuto consolare un vax. #nessunacorrelazione	HH_11	3
13	üö® C'√® anche dell'altro da tenere d'occhio: voi fregatevene, poi vi vorr√≤ vedere con #Speranzaingalera ancora l√¨ e la #TaskForce dimmerda chiudervi ancora e obbligarvi al #vaccino Sai come mi fregher√≤ le mani 	FF_306	3
14	"üá≥üáø La premier neozelandese Jacinda Ardern Schwab: ""Gli effetti collaterali che vediamo causati dai vaccini sono un segno che i vaccini stanno facendo ci√≤ che dovrebbero"" ü§îü§îü§î Avevate ancora dubbi sulla $oluzione Finale ‚ùìüòÇ"	FF_330	3
15	AIFA, possibile ottenere almeno 6 dosi da ogni flaconcino del vaccino BioNTech/Pfizer 	L_81	4
18	Coronavirus, Toti: ‚Äú13 mila vaccini al giorno per 6 giorni alla settimana‚Äù 	P_11	4
20	Se Dio avesse voluto che morissimo tutti non ci avrebbe fatto scoprire i vaccini e gli antibiotici	S_254	1
21	"Chi si strappa le vesti per la definizione ""carico residuale"" √® lo stesso sinistrume che ha definito assassini,criminali, untori i medici no vax reintegrati#Piantedosi"	HH_430	3
24	I dati sensibili di milioni di italiani circolano negli uffici della PA.Migliaia di sospesi dal lavoro si sono visti violare privacy su dati sensibili perch√© nn vaccinati. Ora vogliamo sapere: tutti i Ministri del Governo hanno completato ciclo vaccinale? #COVID #covid #Omicron 	CC_128	3
26	La realt√† √® che questo √® un vaccino totalmente antinatalista. Pensateci! In GranBretagna √® uscito un documento con le istruzioni di sicurezza pubblicato dal governo in cui √® affermato che: Per le donne in et√† fertile, la gravidanza dovrebbe essere esclusa prima della vaccinazione	M_309	3
27	Io vivo a Cuneo, citt√† in cui i vaccinati sono la maggioranza la Pro Loco annulla tutti gli eventi perch√© contraria al green pass: 	V_134	4
30	Alle 7:40 #BuongiornoRegione #Riaperture: in diretta da una palestra di #Isernia #Vaccinazioni Nuovi centri per la somministrazione sul territorio A #Trivento #merletti a forma di occhio, contro lo stigma #Storia di un sanguinoso assalto di #briganti #IoSeguoTgr 	P_59	4
31	"#Mix di vaccini, la precisazione del sottosegretario Costa: ""La seconda dose deve essere eterologa""   - #Dibattito #Attualit√†_E_Societ√† #La7 #Politica"	R_78	4
32	Draghi sta chiamando a s√© tutta la merda di maggioranza e opposizione, indovinate perch√©? C'√® bisogno di una legge forte, quella sui vaccini. La pandemia non √® capitata a caso, andranno fino in fondo	N_478	3
34	Coronavirus, Bulgari per la ricerca: donazione allo Spallanzani per sviluppare un vaccino [aggiornamento delle 12:26] 	B_6	4
37	Bar, ristoranti e cinema vuoti. Con i non vaccinati che vorrebbero uscire e spendere, ma non possono perch√© vengono discriminati. I vaccinati ipocondriaci invecr restano a casa per paura del covid.  L'Italia muore grazie al greenpass.	Y_383	3
38	L‚Äôammissione poche ore fa del noto politico: ‚Äúio e la mia compagna con danni devastanti dopo il vaccino!‚Äù  	II_340	3
41	Dall'indagine della procura europea sull'acquisto dei vaccini, fino agli scenari riguardanti le sanzioni ai non vaccinati con il nuovo governo. Questo e molto altro nell'edizione del TG di Byoblu24 di oggi.   	GG_144	4
42	Punto Vaccini Fvg: oggi somministrate 2.092 dosi 	M_73	4
43	Coronavirus, pronto il primo vaccino √à cinese e lo avranno per primi i militari 	F_403	4
46	"#isola #melandri ""sono no vax e ho fatto di tutto per infettarmi"" Giusto all'isola poteva partecipare uno sveglone come questo.."	BB_68	1
48	Sono veramente schifata Continuo a leggere di gentaglia che scrive di morti improvvise, attribuendole con gioia ai vaccini Che schifo di persone esistono su questa terra? Dico sia ai vaccinati che ai non vaccinati, di tenersi le proprie scelte senza rompere il capso a nessuno...	DD_157	4
49	L'hanno gi√† detto che la scoperta della nuova mutazione del virus √® stata rivelata dopo l'inizio della campagna di vaccinazione? #qazzari #COVID19 #COVIDIOTS	L_335	3
51	Il vaccino testato aveva quattro innesti. Testato su anziani .. il perch√© lo sapete. Troppo forte? Lo hanno diviso in quattro vaccini?	H_11	3
52	Auspico un lockdown totale per almeno 20 giorni, vaccinazioni e poi basta apri e chiudi	N_332	1
54	"Coronavirus #Roma, Nicola Zingaretti : ""Vaccino va prodotto su suolo italiano"". DIRETTA "	F_492	4
55	Speravo che il vaccino mi inoculasse la voglia di studiare ma a quanto pare non √® andata cos√¨	R_11	4
56	Ormai posso definirmi COVID FREE....seconda dose vaccino fatta.... raga vaccinatevi solo cos√¨ ne usciamo üí™‚ù§Ô∏èüí™ ABRACCIO ü§ó @ Naples, Italy 	Q_477	1
58	"Vaccino anti covid in azienda, i ""big"" liguri si preparano: ecco come funzioner√† "	P_73	4
60	Ragazza che si √® fatta il vaccino oggi alle 11 e 30 seduta affianco a me , sappi che mi sono innamorato &lt;3	V_429	4
61	EMA e FDA chiamano ‚Äúquarta dose‚Äù il nuovo vaccino Ba1 uscito luned√¨, la vostra ‚Äúquarta dose‚Äù cos‚Äôera?  LO VOGLIAMO SAPERE ADESSO!  üü° SEGUICI SU CONSENSO DISINFORMATO	FF_186	3
63	Passi in avanti per il vaccino contro il Covid-19, ok ai test pre-clinici in Italia 	C_136	4
65	COVID-19 in Piemonte: 33386 dosi di vaccino somministrate | 27 luglio 2021 	S_491	4
66	Libert√†, Libert√† e poi aggrediscono i cronisti nel pieno esercizio delle loro libert√† costituzionali. Tutto bene, #novax?   	T_381	1
67	LN Anche il vaccino anti-Covid della statunitense Moderna si mostra efficace nel 94,5% dei casi. Fauci: ‚ÄúDavvero una buona notizia. Percentuale impressionante‚Äù  	K_46	1
68	Dato che si √® creato un parallelismo tra pro-Vax e pro-Nato, vorrei far presente che chi vuole l‚Äôintervento militare √® lo stesso che indossa la mascherina da solo in macchina.  #EcoDelleScatoleCraniche	AA_257	3
70	Crisanti, senza dati a disposizione, io non farei il primo vaccino che dovesse arrivare a gennaio. Perch√© vorrei essere sicuro che questo vaccino sia stato opportunamente testato e che soddisfi tutti i criteri di sicurezza ed efficacia. Lha detto, üòß 	K_218	3
71	Mia madre, ha preso il covid gi√† da una settimana, fortunatamente sintomi lievi ci siamo isolati tutti e lei ancora di pi√π, nessuno di noi lo ha preso lei afferma, sono stata peggio dopo le somministrazioni di tutte e tre le dosi di vaccino	CC_51	3
72	Giornale di Sicilia: Palermo, stop al commissario Covid: smantellato l‚Äôhub dei vaccini alla Fiera. 	II_110	4
74	Vaccini: al via nel Lazio quarta dose a fragili, prima in Italia. La somministrazione √® partita a Rieti e Frosinone #ANSA 	Z_167	4
76	Cambier√† il piano vaccinale. Vaccinazioni di massa entro Maggio 	Q_77	4
77	Silvio Garattini: ‚ÄúTroppi morti per lasciar circolare Omicron, proteggiamoci in attesa del nuovo vaccino‚Äù 	EE_309	1
81	Vaccini anti Covid-19 anche per i cittadini settantenni  #vaccino #vaccini #Sicilia #Sicily #vaccinazione #vaccination #vaccine #vaccinated #SARSCoV2 #SARS_CoV_2 #coronavirus #Covid_19 #COVID„Éº19 #COVID #COVID19Vaccine #CovidVaccine #Italia  #Italy	O_475	4
94	Abbiamo dieci milioni di dosi di vaccino. Consiglierei- pur lasciando priorit√† per le prime dosi e per le terze dosi per i fragili - di partire SUBITO  con la terza dose per i sanitari. Infezioni anche lievi causerebbero quarantene che sguarnirebbero ospedali e ambulator√Æ.	U_59	1
95	A Como si lamentano che le scritte dei #ViVi non vengono cancellate! Forse qualcuno, oltre ai V_V, ritiene abbiano una funzione sociale necessaria! #ilvaccinouccide  #iosononovax   üëÜüëÜüëÜüëÜüëÜüëÜüëÜüëÜüëÜ  	Y_309	3
96	#Djokovic commenta la decisione dell'Australia di concedergli l'ingresso anche da non vaccinato grazie ad una esenzione medica.   #AustralianOpen 	Y_391	4
97	Ho ancora la febbre (belli i vaccini di venerd√¨ che ti caxziano il weekend), stasera abbiamo una prenotazione ad un ristorante fatta una settimana fa perch√© volevamo andarci tipo da mesi, ho deciso che ci andr√≤ a costo di bere t4chipirina al posto del vino 	DD_464	4
105	"Marco Rizzo-PC:  Speranza ha fatto un esperimento di controllo sociale con i vaccini, e contro ...""  22"	II_167	4
107	Il #coronavirus non √® pericoloso, il #vaccino s√¨: la verit√† di un bestseller tedesco che sconvolge i piani per sconfiggere il Covid  	I_131	3
112	Vaccini. Gimbe: ‚ÄúIl governo non ha un piano per l‚Äôinverno‚Äù 	FF_192	4
115	Gran parte degli italiani in giallo, assapora uno scampolo di normalit√†. Non Basilicata, Calabria, Puglia, Sicilia, Sardegna e Valle d'Aosta per una settimana ancora. Qualcuno delle Regioni e Comuni vuole fare mea culpa? Errori/malaffare sui vaccini, no controlli su popolazione	P_133	4
117	STUDIO BATTAGLIA: DAL 15 MARZO LE AVVOCATE DI RAI1 TRA DIVORZI, VACCINI E ADOZIONI 	AA_399	4
118	Breve storia triste di un incontro con un amico che non vedi da anni. Io: Ciao come va? Lui: bene, ma lo hai fatto il vaccino? Io: No e nemmeno lo far√≤. Lui: ma che sei un coglione negazionista? Io: Ciao! ..... üò°	R_355	3
119	Il vaccino di AstraZeneca utilizza un adenovirus di scimmia che condivide un gene con il coronavirus Covid-19. A differenza del colpo di AstraZeneca, lo Sputnik V russo, il primo vaccino registrato al mondo, utilizza gli adenovirus umani come vettore, un approccio ampiamente.....	I_460	4
121	Fate parlare di pi√π la Lorenzin üêê e anche Fauci ti diventa no-vax   #Piazzapulita	X_24	4
122	Tornando alle cose serie. Questa √® una carestia! Non esiste!  Sono in crisi! Ho voglia di tornare a limonare, oh! Quando lo trovate sto vaccino? Non so fino a che punto riuscir√≥ a trattenere il mio accappatoio. Qui c'√® bisogno di figa #pandemia #CoronaVirusitaly	C_31	1
126	Perch√© non mi sorprende la lentezza con la quale l'Italia sta affrontando i primi giorni di vaccinazione? #vaccination	M_134	4
127	Camionisti no - vax fuori controllo: lOntario dichiara lo stato demergenza -  #Camionisti #fuori #controllo:  	Z_126	4
129	"Pi√π che delle scorte di ""vaccini"" mi preoccuperei di pi√π delle scorte di gas.  Ma giustamente se ordini pi√π ""vaccini"", poi serve meno gas se i primi fanno il loro corso."	CC_82	3
131	Quarta dose ai fragili, avanti piano il primo giorno solo un vaccinato 	AA_281	4
135	al liceo di mio fratello hanno messo una uscita per i vaccinati e una per i non vaccinati, wtf ma √® cos√¨ ovunque o solo qua?	U_179	4
136	Covid Cina, al via somministrazione primo vaccino inalabile al mondo: (Adnkronos) - Dopo Shanghai anche altre citt√† hanno dato il via libera  	HH_231	4
137	Genocidio da #vaccino anti #COVID19 fase 3: terza dose √® gi√† arrivata la prima vittima !!!! #AstraZeneca #vaccini #NoGreenPass #NoGreenPassObbligatorio #Draghi #GovernoDraghi #Speranza 	V_39	3
138	Covid: Mattarella lascia Spallanzani dopo seconda dose vaccino 	P_397	4
139	Vaccino anti-Covid, a Parma prime dosi al Maggiore 	L_388	4
140	‚ÄúGiorno della Memoria‚Äù 27 gennaio 2022  Provo un pesante odio verso i no vax J-Ax, cantante	Y_332	4
144	La campagna vaccinale √® stata un successo. Il vaccino funziona e i contagi sono diminuiti. Si vede üòÇüòÇüòÇüòÇüòÇ Buffoni!   #STATODIEMERGENZA	X_433	3
146	"Vaccino ai bambini, il Giappone lancia l‚Äôallarme: ""Rischio di gravi effetti collaterali""  via ://twitter.com/gparagone"	X_389	3
147	Siamo nel mezzo di una pandemia che assorbe gran parte delle risorse ed energie preventive a disposizione del Sistema Sanitario Nazionale. Un problema che colpisce non solo la salute dei bambini ma siconferma anche nelle vaccinazioni dell‚Äôadulto e   	Y_144	4
149	Terni, addio a Lollo: ¬´Per sempre con noi¬ª | umbriaON un‚Äôaltro ragazzo vaccinato #fermatequestipazzi #mettevelialculoquestisieridelcazzo 	W_151	3
150	Sono finalmente riuscita a prenotarmi il vaccino dopo quasi un mese dato che il CUP della farmacia continuava ad avere problemi con il portale per la mia fascia d‚Äôet√†	S_380	1
151	"Video ""Devo fare questo video perche' ne  ho bisogno. La TV e il vaccino sono le cose che hanno appena ucciso mio padre e stanno facendo lo stesso con mia madre ,ormai moribonda"" "	FF_377	3
153	E poi ha secretato i documenti sui vaccini... Cuntachintedemmerda!!! 	GG_134	3
155	"Covid, Ilaria Capua: ""Vaccino poteva essere pronto in 6 mesi"" "	G_11	4
158	#andria #news Vaccini, consegnate oggi nella Bat altre 20mila dosi Pfizer - Andria news24city 	R_133	4
160	√à importante che l'Asp di #ReggioCalabria si doti subito di strumenti adeguati per la prenotazione telematica, al fine di evitare code e rischio assembramenti, ripristinando le condizioni di sicurezza per i cittadini fruitori del servizio di vaccinazione. 	D_450	4
161	#Piemonte 12/03/21 ROSSO #COVID  ‚ñ™Ô∏èTerapie intensive: + 4 ‚ñ™Ô∏èMorti: + 1 Dov'√® l'emergenza‚ùì  Mi piacerebbe avere due dati da aggiungere:  ‚ñ™Ô∏èEventi avversi da vaccino: ...... ‚ñ™Ô∏èMorti #NessunaCorrelazione: ......  Grazie a chi vorr√† completare questo scema  La rana √® bollita	O_310	3
162	"bisogna scrivere subito  che non c'√® connessione col vaccino   senza aggiungere ""ANCORA,  E CHE LA NEGHEREMO SEMPRE !!!! ""   Miami, morto noto ginecologo. ""Si sent√¨ male 3 giorni dopo il vaccino Pfizer"" -  "	M_152	3
163	üî¥#Piemonte #Covid_19 #31maggio   126 casi positivi su 3.129 tamponi molecolari (4% positivi), 333 guariti e 7 decessi. Crescono le terapie intensive (+1, 81) mentre scendono i ricoveri (-31, 594).  #Vaccinati +28.209 dosi (2.502.536 tot.)   	Q_339	4
165	BROGLI E NON E' LA PRIMA VOLTA ...IN FRANCIA - CONTINUA LA GUERRA BIOLOGICA DEI VACCINI IN ITALIA...	BB_308	3
166	Gran Bretagna, crescono contagi e mortalit√†: ¬´Pesa l‚Äôeffetto Europei¬ª-  üòÇüòÇüòÇ europei? Vaccino perch√© non lo dite!!! 	T_475	3
167	Ho appena ricevuto la quarta dose. Consiglio a tutti di farla per proteggere noi e gli altri. Il covid sta tornando‚Ä¶  La quarta dose √® il nostro scudo. I vaccini salvano vite. #quartadose #vaccino #VACCINATEVI	GG_253	1
168	"Piero Angela: ‚ÄúFidiamoci degli esperti senza cambiare vita‚Äù.  Il giornalista: ""Questa √® una epidemia seria, ma in attesa del vaccino le cure ci sono e funzionano. Bisogna evitare le fake news che drammatizzano"" #COVID„Éº19 "	B_48	1
169	Ma l'Inghilterra non aveva iniziato il piano vaccinale ? allora il vaccino non funziona se i casi aumentano  #staseraitalia #nonelarena	L_52	3
171	"Vaccino Covid, Locatelli: ""Per fine marzo 13 milioni dosi"": Il presidente del Consiglio superiore di sanit√†: ""Che la variante inglese diventi nella prossima settimana prevalente nel paese √® largamente prevedibile""  "	N_6	4
172	#Sovranisti scatenati perch√® le case #farmaceutiche che sperimentano il #vaccino stanno aumentando di valore in #BORSA. Non capiscono che √® una buona notizia. Non solo per la cura. Ma anche per tutti quelli, tantissimi, che acquistano i titoli.	B_11	1
173	MA LA MANIFESTAZIONE X TUTTI I MORTI POST- VACCINO....in ITALIA,quando si fa????? In EUROPA si muovono tutti....NOI STATICI ,COME SEMPRE!!!!!!	EE_251	3
174	Quanto manca al termine delle vaccinazioni #AntiCovid?   Con la media attuale di #vaccinazioni ci vorranno ùü≠ùüØùü¨ùü± ùó¥ùó∂ùóºùóøùóªùó∂ per le prime somministrazioni.  Per i richiami,  ùüµ ùó¥ùó∂ùóºùóøùóªùó∂.  Segui il nostro contatore:   #COVID19 #2febbraio #coronavirus 	N_242	4
175	OltreLaLinea:Il Vax Club: ‚ÄúI non vaccinati sono dei criminali‚Äù  55	U_232	1
178	Sinistra contro destra Neri contro bianchi Uomini contro donne Provax contro novax ecc Non c‚Äô√© un singolo discorso che non accenni a queste divisioni, uno.  L‚Äôunico loro scopo √® dividere le persone.   Perch√© se si uniscono, per loro sono CAZZI. Sono morti in 24 ore.	F_138	4
180	‚ÄúNo vax‚Äù dichiarati sorpresi al bar senza green pass, fioccano sanzioni nel Chietino 	Y_189	4
181	Domenica in tutte le ATS lombarde effettuate 5.000 vaccinazioni 	N_399	4
182	Ho letto un tweet di una persona che conosce personalmente l‚Äôinsegnante, e dice che non √® morto e ne era vaccinato, e attualmente √® ancora al caldarelli, a Napoli.	Z_61	4
183	#Amsterdam, no green pass. 80% di vaccinati (non 90, non 100).  No #Draghi. 	V_331	4
184	#greenpass ‚ÄúCe lo chiede l‚ÄôEuropa‚Äù! Sentito quante volte? 17/6 Consiglio e Parlamento UE approvano Reg.953/2021 che vieta la discriminazione dei non vaccinati Cosa fanno europeisti convinti? Dopo essersi pesantemente intromessi in vita Ungheria-Polonia,di quel Reg se ne fottono!	S_82	3
187	Lombardia, √® allarme per i vaccini antinfluenzali: ¬´Rischiamo di non averli¬ª 	G_471	4
188	Mo da dove spunta sto #vaccino italiano?  #VaccinoAntiCovid #COVID19 #5gennaio	M_235	4
189	Vaccino anti-covid, il 67,2% degli italiani √® favorevole alla terza¬†dose 	V_398	4
192	"#Ricciardi: ""Focolai nuova normalit√† fino al vaccino"" - #coronavirus  "	G_464	4
193	Comuqnue unica cosa di sti giorni √® che sono riuscita a prenotarmi per il vaccino	EE_428	1
194	L'Informazione o ancora meglio, la disinformazione üáÆüáπ √® psicologica. Cercano di farvi credere che la Russia sta perdendo, che i vaccini salvano vite, che il #PD e #FDI sono i partiti pi√π votati. Sono tutte cazzate. Si stanno arrampicando sugli specchi, dato disperati. üòÅüñï	FF_443	3
195	Vaccino Pfizer funziona al 90%. Si possono avere le percentuali reali dei 2 vaccini Russi? Non li ho visti; li vorrei vedere,o non sono reperibili in Europa? Proteggiamo qualche azienda Americana e Tedesca? (PFIZER e BIONTECH). Non hanno bisogno!  soldini ce li hanno!	K_447	4
199	A La Verit√† uno dei fondamenti dell‚Äôepistemologia, la differenza tra causa e correlazione, resta evidentemente sconosciuto.  Ottima premessa per indagare la scienza delle (ripetutamente) presunte ‚Äúreazioni avverse‚Äù dei vaccini di cui non ci dicono (!11)! 	CC_155	1
200	Sorpresa, il vaccino #COVID italiano testato allo #spallanzani, finanziato dal Governo e dalla #RegioneLazio, in realt√† √® di propriet√† di una societ√† svizzera, la #Keires, sede a Basilea, che versa le tasse al governo elvetico. Chiss√† se vendono anche mascherine....  #Zingaretti	I_372	4
203	üî¥ Il vaccino mette il freno ai mercati: che succede oggi? ‚§µÔ∏è 	K_11	4
213	DOCUMENTI PFIZER TRAPELATI RIVELANO CHE SOLO IL 55% DI ALCUNI CAMPIONI DI VACCINO AVEVA RNA INTATTO PRIMA DELL'APPROVAZIONE EUROPEA, ESPONENDO ENORMI PROBLEMI SUL CONTROLLO DI QUALIT√Ä - Database Italia 	O_43	3
214	la vergogna √® che esista ancora gente non vaccinata. Grazie al vaccino una persona a me vicina con disabilit√† si √® salvata e con lei tutta la mia famiglia che non ha contratto il covid. Festeggiare il non vaccinarsi per me √® una vergogna. #NoVaxVictoryDay	BB_136	1
215	2/2 Continuare ad alimentare questo clima di terrore, serve solo a far imporre un nuovo #lockdown per renderci schiavi del virus e dei poteri forti che ci speculano sopra (vaccino #COVID„Éº19)	H_313	4
216	"#AndreaRuggieri: ""Questa ormai √® una discussione ideologica. Da soli gli italiani hanno scelto e hanno scelto il vaccino e hanno fatto benissimo. Io sono per il vaccino"".  #cartabianca "	Z_35	1
218	Il vaccino sar√† disponibile solo per i paesi ricchi!  E gi√† questo la dice lunga sull‚Äôessere umana.	K_387	4
220	Avevo riserve e dubbi sul vaccino. Il sarcasmo fuori luogo di #beppegrillo, fondatore e affondatore del #M5S, li ha spazzati via. Ora attendo fiduciosamente il mio turno. 	L_136	1
221	La convivenza con il virus sar√† lunga, mesi e mesi, anche dopo il vaccino. Da matti pensare di uscirne dando a tutti il reddito di cittadinanza. Se ne esce solo riaprendo, in sicurezza: sar√† molto complicato, ma √® per questo che dobbiamo pensarci da adesso 	C_224	4
222	Al via da oggi i vaccini in azienda 212 centri pronti e 7mila in pole 	R_290	4
223	Un mio amico oggi ha fatto il vaccino e sono super contenta che tutti i giovani da me lo stiano facendo	M_310	1
229	Altro giovane sportivo che perde la vita sul campo di gioco in seguito ad un malore improvviso  Ovviamente #nessunacorrelazione  I vaccini uccidono, proteggete i vostri figli  #ViVi perch√© liberi  	X_133	3
374	Sta arrivando la variante Cerberus. Pfizer ha detto che il nuovo vaccino si chiamer√† Hercules #novax #vaccini	GG_31	4
376	A voi l‚Äôonore di provare il vaccino poi una volta stabilito che non ci sono effetti collaterali vi seguiranno tutti!nel frattempo cercate di provare ad alzarvi le brache altrimenti il pd non si staccher√† mai dal vostro didietro!ahahahahahahahah	D_81	3
378	La posizione sulla guerra in #ucraina rende la #Meloni invotabile: sostiene l' ucraina. Ma #FdI sull'#ObbligoVaccinale vot√≥ contro sebbene sia mancata una dichiarazione chiara contro i vaccini ed alcuni tra i suoi fossero favorevoli. 	EE_151	4
380	Nonostante un piccolo ritardo (2 ore e mezza circa) finalmente ho fatto la mia prima dose di vaccino üéâüéâüéâüéâüéâüéâüéâüéâüéâüéâ üéâ üéâ	Q_447	1
500	Lo dico dall'inizio: la comunit√† medico-scientifica prenda posizione contro la corsa politicamente accelerata e scellerata al vaccino per la #COVID19 saltando le normali fasi. Un errore farebbe esplodere la perfetta bomba cospirativa, gi√† innescata.   	H_81	4
502	Vaccini, in Piemonte somministrate quasi 7 milioni e mezzo di dosi 	W_252	4
503	notaccia-tutti i giorni ci sono violazioni di legge alla Libert√† Personale di ogni Persona (con vaccini inclusi) e in parallelo si nota la GRANDE VIOLAZIONE ALLE LEGGI COSTITUZIONALI di Tutela √® una cosa gravissima che si verifIca senza che i Tutori delle LEGGI INTERVENGANO da c	N_39	4
506	"Coronavirus, Vaccino Oxford: ""primo stock a dicembre se i test saranno positivi"" "	D_20	4
509	Vaccino per il colesterolo cattivo, arrivano i primi test 	A_156	4
510	comunque prenotare sto vaccino √® peggio degli hunger games ü•µ	R_389	4
515	Nuovo virus cinese: il vaccino tra un anno 	A_268	4
516	Un no vax dichiarato e contagiato, ha diritto alle cure salvavita al pari di chiunque altro ?	C_410	4
518	Covid, ‚Äústorie dell‚Äôorrore e effetti collaterali‚Äù: a 45 anni rifiuta il vaccino e poi muore per la variante Delta - Il Tempo  L'unico caso NON DOCUMENTATO diventa per i media una storia dell'orrore...Dimenticando di dire che tutti i contagi sono tra i vaccinati. In galera andrete	S_213	3
521	Corsa al #vaccino contro il #Coronavirus: secondo l‚ÄôOrganizzazione Mondiale della #Sanit√† sono 8 le aziende che hanno gi√† avviato i test sull‚Äôuomo. 	E_495	4
522	(Covid-19, appello del Premio Nobel Yunus per il vaccino gratuito: 101 firmatari da tutto il mondo)  Playhitmusic -  	F_59	4
524	La rivista¬†Science¬†pubblica un corposo studio che dimostra in modo inoppugnabile che la nuova variante Epsilon sfugge alla copertura vaccinale, eludendo gli anticorpi fatti produrre dal vaccino.   	S_441	4
526	Primo ok al vaccino bivalente per i bambini sotto i 12 anni 	HH_134	4
531	Covid-19, i dati della quarta ondata: il 75% dei pazienti in rianimazione non era vaccinato - Aostasera 	AA_258	4
532	CORONAVIRUS: VACCINO, ministro SPERANZA annuncia in VIDEO l'ACCORDO EUROPEO. Ecco QUANDO arriver√† anche in ITALIA 	F_2	4
535	Covid, in Sicilia il censimento dei lavoratori non vaccinati: scontro tra Musumeci e garante della privacy  	S_11	4
537	Prima dose vaccino padre fattaüòáüí™	Q_127	1
541	Covid, Bassetti: ¬´Con l‚Äôarrivo del vaccino non √® il momento di abbassare la guardia. La terza ondata sar√† inevitabile¬ª 	L_339	4
544	"Prima Pagina, Giornale di Sicilia: ""Vaccini aperti agli over 65. Rifiuti, un flop da 45 milioni""  #Notizie #Palermo #PrimePagine"	P_306	4
550	I #docenti precari che da dicembre 2021 hanno sostituito i colleghi sospesi perch√© non vaccinati, ad oggi ATTENDONO 5 MESI DI STIPENDI ARRETRATI, avendo anticipato ogni onere per raggiungere il posto di lavoro assegnato.  Per√≤ finanziano la guerra. #22aprile	BB_329	4
551	alle 16 ho il vaccino ü•≥ü•≥ü•≥	T_302	1
552	#Palermo Vaccini, parte la  campagna  a tappeto:  dosi in vacanza  	S_187	4
553	Arriveremo al punto di non sapere pi√π, chi √® morto per il #COVID19 chi per le conseguenze dei #vaccini	P_427	3
554	Terza dose nel Lazio per gli Over 80, quando e come prenotare la¬†vaccinazione 	U_133	4
555	SECONDO IL TELEVIROLOGO BURIONI IN UN ANNO SAREBBE MORTO UN SOLO VACCINATO A CAUSA DI UNA PERICARDITE INDOTTA DA VACCINO PER ALTRO NON IN ITALIA, IN NUOVA ZELANDA. NEANCHE BASSETTI HA OSATO TANTO üò° 	EE_466	3
556	I ricercatori del Queensland ritengono che il vaccino contro il #coronavirus COVID-19 sia lontano dai test sugli animali 	B_337	4
559	Contro il virus cinese √® gi√† possibile un vaccino - Scienza &amp	A_338	4
561	Covid-19, le molecole killer del virus: cos&amp;igrave; la cura pu&amp;ograve; arrivare prima del vaccino, a Roma la ricerca decisiva - Il  	E_325	4
562	Mio padre che ha para per se stesso perch√© io possa prendere il covid. Lui che non √® vaccinato. Io che sono depresso da anni e non se n'√® mai accorto. Se non sei contagioso a chi vuoi che freghi?	T_334	1
565	Da giugno vaccini anti Covid dal medico di famiglia e in farmacia 	Q_97	4
566	#Coronavirus: D'Amato, solidariet√† all'Istituto Spallanzani contro i vili attacchi dei #novax.     Chi attacca l'Istituto Spallanzani attacca l'Italia. 	H_352	4
568	‚ùù Coloro che persistono assurdamente a spingere i loro lettori e spettatori a violare i decreti, con l'aggravante di asserire che non esiste l'epidemia, vanno arrestati e severamente puniti, ‚Ä¶ ¬∑  #vaccino #covid19 #cerotto #coronavirus #kadmon #adamkadmon	D_479	1
572	CORONAVIRUS ÔøΩ L`annuncio del presidente della SocietÔøΩ Italiana di Pediatria: ÔøΩIl vaccino arriverÔøΩ in tempi recordÔøΩ 	D_311	4
573	Alzheimer e demenza, vaccino vicinissimo. ¬´Il 2020 anno della svolta, test sui topi ok¬ª 	A_158	4
576	Vaccino prenotato per domenica quanto sono euforico in questo momento	Q_144	1
578	Sembra si sia persa la memoria di quanti non vaccinati sono morti durante la pandemia di covid. 	HH_74	1
580	Dopo oltre un anno dal #vaccino, rimane imbattuto il record di figure di merda dei novax, che prevedevano morte e tragedia per i quasi 5 miliardi di vaccinati nel mondo. 	DD_309	1
581	Un anno fa oggi, il 20 febbraio 2020, cominciava il ponte di Carnevale. Sarei tornata a scuola solo l'8 giugno, per riconsegnare alcune verifiche che pensavo di archiviare al ritorno da suddetto ponte. üíî  Oggi, 20 febbraio 2021, far√≤ la prima dose di vaccino. ‚ú®	N_234	1
582	‚û°Ô∏èIsraele: Studente vaccinato contagia almeno 83 ragazzi Secondo il Times of Israel il giovane era stato contagiato da un parente vaccinato, e quel parente era stato contagiato da una persona anch'essa vaccinata e che si trovava di recente a Londra.  	S_302	4
584	"Reazioni avverse vaccino, Giulia si uccide a 51 anni dopo la seconda dose: ""Dolori insopportabili"" "	Z_82	3
585	#Openday #vaccini. Fino al 28 Febbraio vaccinazioni senza prenotazione per la fascia di et√† 5-11 anni. Se vuoi saperne di pi√π vai suü°™  	Z_460	4
586	Vaccino Covid Pfizer: i primi flaconi escono dalla linea di produzione 	J_381	4
587	8 DITA AMPUTATE DOPO L'UNICA DOSE DI VACCINO JHONSON &amp; JHONSON. √à ACCADUTO AL CHITARRISTA JEFF DIAMOND CHE, SUBITO DOPO AVER RICEVUTO LA SOMMINISTRAZIONE, √à CADUTO IN COMA...RISVEGLIANDOSI CON 8 DITA AMPUTATE! NE PARLA CON ROBERT KENNEDY JUNIOR IN UN PODICAST. 'VOGLIO CHE QUEL 	EE_144	3
588	Visione:Germania, il Parlamento boccia sonoramente l‚Äôobbligo di vaccinazione Covid  84	BB_463	4
589	scusate ma il dolore al braccio post vaccino quanto dura no perch√© io sto per staccarmelo a morsi	R_449	4
591	U.S.A., Anthony Fauci, il vaccino COVID 19 √® disponibile 	I_110	4
592	I dati ufficiali mostrano: una malattia neurologica ogni 900 dosi di vaccino - eVenti Avversi 	BB_80	3
593	Vaccino Covid-19. Allo Spallanzani da luglio test sull`uomo | L`Osservatore d`Italia 	E_334	4
594	Coronavirus: Oms, vaccino non sar√† pronto prima del 2021 	G_299	4
596	Mentre i giornalaiü§Æitaliani affermano con fermezza e senza alcun dubbio che non esistono correlazioni tra epatiti e cosiddetti vaccini covid, gi√† nel giugno del 2021 ricercatori indiani avevano iniziato ad evidenziare strane epatiti dopo le vaccinazioniüò± 	CC_98	3
597	Sono orgogliosamente di centrodestra. Il mio cdx non urla, non strizza l‚Äôocchio ai #novax, No-Euro, No-Riforme. Quando ricopre responsabilit√† di governo non gioca due parti in commedia: si assume oneri e onori della guida del Paese e lascia la protesta all‚Äôopposizione. #Firenze	T_460	1
600	"NON INIZI√í CON LO STERMINIO.. INIZI√í  COL DIVIDERE LE PERSONE. SUONA FAMILIARE? DA PSICOPATICI NAZISTI DOVETE ADDITARE VERSO CHI SMASCHERA LE VOSTRE MENZOGNE: I NO VAX   CON VOI NAZISTI NON CI SAR√Ä MAI ALCUNA ""NORMALIT√Ä"". #ViVi #novax .  "	BB_464	3
601	No vax insegue e minaccia il professor Bassetti, denunciato - Cronaca - ANSA 	T_126	4
603	Il responsabile dei vaccini e prodotti terapeutici Covid dell‚ÄôAgenzia europea dei medicinali avverte: ¬´Stiamo uscendo dalla pandemia ma il virus √® ancora imprevedibile¬ª 	FF_68	4
605	i #noapp li metterei sull‚Äôisola insieme a #novax e #freevax. A stretto contatto.  #ImmuniApp	F_467	1
607	"Il CDC afferma che non cambier√† la definizione di ""completamente vaccinato"" per includere le dosi di richiamo COVID-19 ""in questo momento"" "	X_215	4
609	"Guarda ""FUSARO ATTACCA PAPA BERGOGLIO ‚ñ∫ ""√à SOTTOMESSO AL POTERE: APPOGGIA IL LOCKDOWN E DESIDERA IL VACCINO"""" su YouTube "	I_66	3
610	"Una tizia, di lavoro infermiera, a seguito del contagio ha seri strascichi di salute. Scrive un post su FB e si rivolge ai ""no vax"" con l'epiteto ""maledetti"". Ora, il vaccino contro il #covid19 non c'√® e, ci fosse stato, nessunx le avrebbe impedito di farlo Perch√© questo cancan?"	F_111	4
615	L'azienda di Pomezia annuncia l'arrivo del vaccino 	J_460	4
617	#Petrolio speriamo che la nostra genia italica si metta in moto rapidamente al fine di trovare un vaccino (o una terapia valida) per contrastare questo covid-19.  Sarebbe davvero fantastico fossimo noi a risolvere il problema!	B_496	1
618	"Da ""Event 201"" al ‚ÄúCatastrophic Contagion‚Äù:  le 'simulazioni pandemiche' un attacco alla sanit√† pubblica  #pandemia #covid #vaccini che non sono #vaccini ma #sierigenicisperimentali #corruzione #UE #pfizergate #brusselsgate #sanita   "	II_325	3
619	"come¬†Sottosegretario alla Salute ed esponente di FdI voglio sgombrare il campo da interpretazioni faziose e ideologiche. Siamo passati dall'emergenza alla convivenza con il virus anche¬†grazie ai vaccini, adesso √® tempo di guardare avanti""."	HH_218	1
621	Vaccini in Irpinia, il bilancio dell'11 ottobre 2021 	V_24	4
622	Il babbasone si filma durante l'assalto alla Cgil e viene arrestato. Titolare delle pizzerie regina margherita tra Modena e Bologna. Da boicottare subito! #FASCISTI_e_VIGLIACCHI #Cgil #IoApro #caproni #novax #FratellidItalia #vaccinatevi_e_basta #asini #BiagioPassaro #Greenpass 	V_308	1
623	Coronavirus, Galli: ‚ÄúVaccino non prima della fine del 2021‚Äù 	H_303	4
624	Tutti gli studi di fase 3 sui vaccini COVID-19 sono in corso e non dovrebbero concludersi fino alla fine del 2022/inizio 2023.I vaccini sono, quindi, attualmente sperimentali con dati limitati sulla sicurezza degli adulti a breve termine e non disponibili (‚Ä¶) IN(CU)LATI A DOVERE	BB_110	3
625	L'UE acquista 110mila vaccini per il vaiolo delle scimmie 	DD_137	4
626	ROSOLIA: cause, sintomi e vaccino in bambini, adulti e donne in gravidanza 	A_40	4
627	Raga, in Sardegna da Gennaio abbiamo il vaccino anti-covid. #Macertamente 	K_385	4
630	Il vaccino #AstraZeneca solo agli over 60. Cio√® come prima ma stavolta con un po' pi√π di convinzione.	R_98	4
632	Eddaje con l'inculazione del vaccino...! Non capisco se la quarantena faccia brutti effetti o se sia Rocco Siffredi che fa degli scherzoni...üòÇüòÇüòÇ 	O_470	3
633	Coronavirus, al via fase 2/3 studio vaccino BionTech-Pfizer anche in‚Ä¶  #notizie #sapevatelo	I_387	4
634	√à PASSATO IN SENATO L'EMENDAMENTO CHE PREVEDE L'ELIMINAZIONE DEL #GREENPASS E LA SOSPENSIONE DELLE MULTE PER NON VACCINATI OVER 50. DOMANI IL VOTO IN AULA.  (BORGHI)	II_375	4
636	C'√® voluto un chiarimento del Ministero per spiegare all'Universit√† che per gli esami a distanza non serve il #greenpass. Eh ma i #novax...	U_330	4
637	Coronavirus: studio su vaccino Moderna, √® sicuro e genera risposta immunitaria. Comunque la si pensi,sono risultati incoraggianti.  	G_81	1
638	Corte EU diritti Uomo Sentenza 116/2021 Nessun #vaccino pu√≤ essere reso obbligatorio se non IMMUNIZZA; Nessun #vaccino pu√≤ essere reso obbligatorio se non √® SICUR0 cio√® non causi che minimi effetti collaterali momentanei; Il mancato rispetto obbligo ha sanzione solo lieve multa	HH_333	4
640	Io vorrei essere curato se mi ammalo non vaccinato da sano. Trovassero le cure, anzi le tirassero fuori che ci sono e le utilizzassero... Sapete che devono farci con i vaccini che avanzano? Provatc ad usare un po' di immaginazione...	U_474	3
641	Coronavirus: no a brevetti sul vaccino 	E_155	4
642	Borsa: europa in rialzo, si scommette su vaccino ‚Äì¬†Economia 	I_352	4
644	L'8 Dicembre 2022 l'FDA ha autorizzato i 'vaccini' aggiornati bivalenti Moderna e Pfizer per i bambini dai 6 mesi, senza che ci siano dati sulla sicurezza.  L'FDA e il CDC, due agenzie criminali che aggiungono prodotti non testati al programma vaccinale dei bambini 	II_128	3
645	SOLO IL VACCINO CI SALVER√Ä	J_82	1
649	Come per batteri antibiotico resistenti, ora anche con i vaccini si inizia ad avere il problema mutazione. üëá  Perto‚Ä¶ 	A_345	4
651	"Spero sia vero ! Israele conferma ""Trovato il vaccino ora si comincia a produrlo"" notizia di un'ora fa"	C_323	1
652	Repetita juvant: il covid √® un virus, che si nutre dell'ospite, per sopravvivere (lui, non l'ospite). Non ci si convive, ci si difende, finch√© non si trova la cura risolutiva e/o il vaccino. I Matrix √® meglio non farseli.	J_11	1
653	Vaccino anti #Covid-19 prodotto in Italia, primi test ad aprile su 550 volontari. Si potr√† usare da settembre 	D_309	4
654	Io scrivo a Bassetti e vorrei una risposta domando:ci sono stati pi√π contagiati di covid tra i vaccinati che fra le persone che non hanno voluto bucarsi con quel siero che voi continuate a chiamare vaccino vorrei una risposta seria grazie	EE_219	3
655	L'Aifa approva il vaccino per i bambini ed ecco i paladini del #giulemanidaibambini. Sempre ben disposti ad ingolfarli di grassi saturi, preparati industriali, distruttive nozioni da catechismo ferme all'antico testamento. Ma un vaccino somministrato oltre 7 miliardi di volte no. 	X_470	1
659	‚úùÔ∏è‚ò†Ô∏è MUORE DOPO LA 3¬∞ DOSE, MA NO, NESSUNA CORRELAZIONE. QUESTE SONO LA SCIENZA, LA MEDICINA E LA GIUSTIZIA CON CUI ABBIAMO A CHE FARE. MENZOGNE E CRIMINI CONTRO L'UMANIT√Ä. Lotta con noi #ViVi üëâ  #ilvaccinouccide #novax #GovernoCriminale #Norimberga2 . 	Z_303	3
660	Chi ci crede davvero √® ormai...irrecuperabile. Ci sono fior di articoli (seri) che spiegano come la produzione di massa di un vaccino richiede tempi molto lunghi. Sempre che prima lo trovino..... Ah! Dimenticavo. Qui si aspetta ancora il vaccino antinfluenzale. #COVID19 #vaccino 	J_317	4
662	Se fossi nei panni di stampa e stampa, mi metterei a parlare  solo di guerra e vaiolo, altrimenti sarebbe difficile tenere nascosta  la notizia che a contagiarsi ormai sono quasi solo i vaccinati e che sotto i 60 anni, il booster ha una efficacia che punta sotto zero. 	CC_293	3
663	Mai nel corso della storia per scoprire un vaccino si sono impiegati tempi record come per il #Covid_19: non vi sembra tutto tanto ma tanto strano???	G_475	3
664	Giulio Tarro intervistato da Becchi, tutta la verit√† sul coronavirus: vaccino, lockdown, mascherina e seconda ondata, quello che non vi dicono 	G_200	3
667	Boom di casi dopo la terza dose. Allarme vaccini: cosa sta succedendo ai ragazzi dopo il booster  via ://twitter.com/gparagone	DD_495	3
668	"Il dramma di Irene, colpita da ictus 8 giorni dopo il vaccino. I parenti: ""Presenteremo una denuncia""  via ://twitter.com/gparagone"	Y_40	3
669	Vaccini, La Vanguardia rivela contratto UE-Pfizer: No responsabilit√† azienda 	P_330	4
670	Campagna di vaccinazione antinfluenzale: iniziativa in Valpolcevera 	J_327	4
673	Putin ha testato il vaccino sulla figlia che ha confermato di stare bene con tutte e 3 le mani, quando ha fame miagola e di notte tiene illuminata la casa.	H_46	3
675	Covid, la protesta dei No Vax: a Torino 400 querele contro il governo, vaccini buttati nelle Marche e un medico arrestato 	Z_323	4
677	Covid: le varianti nascono dalla reazione del vaccino? Sarebbe un fatto eccezionale mai accaduto finora, sicuramente preoccupante, ma ad oggi la scienza non conferma nella maniera pi√π assoluta questa ipotesi.	U_186	1
678	"Da quando Conte √® andato a casa i "" giornalisti"" hanno scoperto le crisi aziendali, le file alla Caritas, il ritardo nei vaccini, tutte le riforme da fare...ecc. ecc.  Prima andava tutto bene madama la marchesa üò©  Squallidi"	N_253	4
680	Danno 130 milioni a #BillGates per la ricerca su un #vaccino probabilmente inutile e poi qualcuno dice che 80‚Ç¨ sono troppi per√≤ gni dose per la cura col #plasma? Tutta gente che piscia in testa ad Orwell.	E_478	3
683	"I 3 segnali del Colle al governo: nn abbassare la guardia, difendere i vaccini e la sanit√† pubblica. Occhio, ricomincia la campagna provax. Sentito poco fa uno psicopatico:""vi fareste curare da un medico novax reintegrato?"" Nn solo lui. Anche la dx  si accoda a Mattarella."	GG_59	3
690	#IBM ha messo a disposizione il suo supercomputer¬†Summit, capace di 200 milioni di miliardi di calcoli al secondo,¬†per accelerare la ricerca di un vaccino per il #COVID19	C_57	4
692	  FDA statunitense ha recentemente approvato il vaccino anti covid  di Pfizer per i bambini di et√† compresa tra 6 e 48 mesi, nonostante gravissimi carenze e incoerenze degli studi clinici, svoltisi al di fuori di ogni regola..	EE_58	3
694	A Natale attenderemo, quest'anno, il vero salvatore del mondo:  Il vaccino  #vaccino #salvezza #vogliotornareaprogettareilmiofuturo	K_82	1
695	I SOLDI GUADAGNATI DA BIG PHARMA CON I VACCINI SONO UNO SCANDALO - Vittorio Angoletto 	AA_145	3
696	ho prenotato il vaccino per il giorno prima degli orali di giapponese wish me luck	R_337	1
697	Vado al mare, sono una deputata: ex grillina no vax fermata sulla strada per Ostia 	D_82	4
699	IV dose: Il vaccino attualmente disponibile riduce di circa met√† il rischio di infezione da coronavirus, ma soprattutto offre una protezione molto alta contro le forme gravi di COVID-19, che possono rendere necessario il ricovero in ospedale e possono causare la morte	EE_330	1
