	Text
1	"Vaccino MMR e porpora trombocitopenica idiopatica  ""...diagnosi di PTI da una popolazione di base di bambini di et√† inferiore a 6 anni tra gennaio 1988 e dicembre 1999""  (ITP e VACCINAZIONE la vaccinazione Morbillo Parotite e Rosolia (MMR) nei bambini) "
5	Coronavirus, protezione da vaccino trivalente morbillo-parotite-rosolia (Mmr)? Studio su mBio 
6	Il vaccino Mmr utile contro il Covid: lo studio americano  #notizie #sapevatelo
8	UK Vaccino MMR,morbillo parotite rosolia ,non solo i sieri coviddi creano danni e si sa 
9	#vaccini ¬´L‚Äô#MMR difettoso di #Merck starebbe attualmente causando pericolose¬†epidemie di parotite¬†in adulti comple‚Ä¶ 
11	Appena scoperto che devo fare il richiamo del vaccino mmr perch√© ho il titer degli anticorpi per il morbillo basso
12	Associazione Corvelva - Il Giappone √® all'avanguardia: nessun obbligo vaccinale e nessun vaccino MMR = bambini pi√π sani 
13	La somministrazione del vaccino Mmr (morbillo, parotite, rosolia) potrebbe servire come misura preventiva per smorzare l'infiammazione settica associata all'infezione da Covid-19
14	L‚Äôanno scorso erano morti due bambini poco dopo essere stati #vaccinati (vaccino #MMR) e le vaccinazioni erano stat‚Ä¶ 
15	La triste storia √® questa:  L‚Äôanno scorso erano morti due bambini poco dopo essere stati vaccinati (vaccino MMR) e‚Ä¶ 
16	‚ÄúStavamo spingendo per fare un vaccino per neonati e bambini con l'idea che se potessimo incorporare il vaccino COVID contro la parotite nel vaccino MMR,
17	üî¥ DAL 1994 CDC USA  GOVERNO GRAN BRETAGNA E OMS  SAPEVANO PRESENZA RETROVIRUS IN VACCINO TRIVALENTE MMR O MPR. ‚¨áÔ∏è‚¨áÔ∏è‚¨áÔ∏èüî¥üî¥üî¥‚¨áÔ∏è‚¨áÔ∏è‚¨áÔ∏è 
18	Il fatto √® che ci sono ampie prove di un legame, non solo tra MMR e autismo, ma tra  vaccini, autismo e autoimmunit√† in  senso lato. 
19	Alcuni scienziati prevedono in futuro di incorporare un antigene del coronavirus nel vaccino contro il morbillo-parotite-rosolia (MMR) in modo da far produrre l'immunit√† COVID-19 nei bambini.   
20	#epatite Qui nel Regno Unito le vaccinazioni non sono obbligatorie, sono solo ¬´raccomandate¬ª. Tra le vaccinazioni raccomandate c'√® anche la famigerata Mmr, una vaccinazione tripla per morbillo, rosolia e altro. Partite da qui.
22	risposta immunitaria che generer√† anticorpi protettivi, ma non √® abbastanza forte da far ammalare un individuo. I vaccini contro la parotite e la rosolia del morbillo (MMR) e la febbre gialla includono entrambi il virus attenuato, per esempio.
23	#Gsk annuncia di aver ricevuto l‚Äôapprovazione dalla Fda per il vaccino #Priorix per l‚Äôimmunizzazione attiva per la prevenzione di morbillo, parotite e rosolia (MMR) in soggetti di et√† pari o superiore a 12 mesi 
24	Dieci anni fa oggi, The Lancet ritir√≤ l'articolo fraudolento del 1998 di Andrew Wakefield che sosteneva che il vaccino MMR causasse l'autismo. Wakefield, tra le altre cose, esegu√¨ procedure in modo non etico, invent√≤ e manipol√≤ dati #S√¨Vax #VaccinesSaveLives #VaccinesWork
26	29/07/2015, Bill Posey espone alla Camera dei Deputati l'inganno svelato da un informatore dei CDC in merito alla correlazione tra autismo e vaccino MMR: ¬´Abbiamo programmato incontro per distruggere i documenti di studio vaccino autismo¬ª 
27	Adesso sembra che contro il #COVID19 potrebbe risultare efficace un vaccino in commercio dal '1979 ovvero il trivalente morbillo-parotite-rosolia (Mmr); questa √® la conferma che con la caduta della I Repubblica il paese √® andato sempre pi√π alla deriva... #Governodincapaci
30	Affermare che il vaccino antinfluenzale possa rafforzare il Covid √® un reato, tuttavia, dichiarare che il vaccino MMR possa renderlo meno mortale √® invece consentito. LoStudio‚Ñ¢ √® condotto su 255 persone, se mi chiedete quanto possa essere attendibile. 
31	Dopo il teatrino odierno di luc #Montagnier una collezione di Bufale d'autore:  #scicomm    BUFALA 1: Il vaccino MMR causa autismo: articolo con dati manipolati sul Lancet, la pi√π autorevole rivista scientifica di virologia, pubblicato nel‚Ä¶  
34	#Samoa 2 bambini muoiono pochi minuti dopo il vaccino #MMR.  Si decide di sospendere le vaccinazioni e aprire un'indagine.  2019 interviene #OMS per obbligare a riprendere le vaccinazioni.  Una settimana dopo, Scoppia una devastante epidemia di morbillo.  
36	Non chiamatemi NO VAX! Ho pi√π vaccini in corpo di un macaco di laboratorio, ho vaccinato i miei figli andando a prendere le fialette a Lugano perch√© negli anni 90 non era obbligatoria la MMR in Italia; vaccino i miei cani tutti gli anni‚Ä¶ questo non lo faccio! 
37	A volte ci vuole anche un po' di Qlo. Pare che #SARSCoV2 abbia alcune proteine simili a virus rosolia. Cos√¨ simili che chi ha fatto #vaccino #MMR sembra fare‚Äîin media‚Äîuna #COVID19 meno grave. Niente di che ma‚ÄîSE confermato‚Äîun richiamo potrebbe aiutare. 
38	la divina comemdia insgena 1974 6 febbraio nasce to_NY la sua ricchezza non ha fine √® stato al centro di un dibattito pubblico riguardo al vaccino MMR  dove sta la proprieta' privata? abusate dei bambini dalla nascita lascia decidere a me quale religione quale politica 
40	Le trombocitopenie per AZ sono1,3 x milione. Il vaccino trivalente (morbille,parotite, risolia) √® a 33,3, 25 volte tanto. I dati sono AIFA. Come mai per AZ si √® acatenato ildelirio. mediatico e per il trivalente il silenzio assoluto?#agorarai
41	come affermava mendacemente l‚Äôallora ministro Lorenzin)  Chi segue la materia da allora, sa benissimo che il vaccino MPR (morbille-parotite -rosolia) √® il pi√π devastante e quello con i pi√π alti effetti collaterali, essendo un vaccino a virus vivo attenuato. 2/3
42	NON SOLO COVID-19: Il vaccino MPR (Morbillo-Parotite-Rosolia)  Quali sono gli effetti collaterali del vaccino MPR? Come si misurano i rischi di effetti collaterali dei vaccini? Quanto √® accurata la sorveglianza degli eventi avversi del vaccino MPR?  
44	Quali sono gli effetti collaterali del vaccino MPR? Come si misurano i rischi di effetti collaterali dei vaccini? Quanto √® accurata la sorveglianza degli eventi avversi del vaccino MPR?  Rispondiamo a qualche domanda...   
45	MAMMEEEEEEE ü§¶ Quali sono gli effetti collaterali del vaccino MPR? Gli effetti collaterali comuni del vaccino MPR includono febbre,lieve eruzione cutanea e gonfiore delle ghiandole delle guance o del collo. Un effetto collaterale + grave √® la crisi epilettica, che si verifica in
46	I complottisti c'erano pure per il vaccino mpr üëÅ
48	FDA Approves Quadrivalent Meningococcal Vaccine MenQuadfi - MPR 
50	Il vaccino mpr provoca l'autismo? di Roberta Villa 
52	Il vaccino MPR protegge dai sintomi gravi di covid? -   
53	MENINGITE ASETTICA ASSOCIATA A VACCINAZIONE DI MASSA CON IL VACCINO CONTRO IL MORBILLO-PAROTITE-ROSOLIA (MPR) 
56	Durante l'epidemia (in realt√† focolaio indotto dal vaccino MPR) di morbillo in California nel 2015, si √® verificato‚Ä¶ 
57	Verit√† scioccante del vaccino: centinaia di geni del cancro sono deliberatamente ingegnerizzati nel vaccino MPR per‚Ä¶ 
59	Madison, prima e dopo la vaccinazione MPR, nel resoconto dei propri genitori #Meloni #draghiPremier  #mario #vaccino #vaccini  
60	Sono arrivati i dati per rivalutare l'obbligatoriet√† della vaccinazione MPR? Siamo in ritardo di un anno. Che si fa? ‚åö‚è≥ #vaccinazioni 
61	Benefici e rischi delle #vaccinazioni  Dati italiani degli ultimi 3 anni sul #morbillo e sul #vaccino #MPR (farmaco‚Ä¶ 
62	üî•üî•üî•üî•üî•üî•üî•üî•üî• ‚ÄúI vaccini possono modificare il genoma umano‚Äù  L‚ÄôOMS sapeva della presenza di retrovirus nel vaccino trivalente MPR  
64	Il video del bambino vaccinato | Butac - Bufale Un Tanto Al Chilo #scrivemmounalungaguidaallevaccinazionipediatriche #MPR #novax #Telegram #vaccinazioni #vaccinazionipediatriche #video #20maggio 
67	Reazioni avverse al vaccino mpr dallo studio della Regione Pugli su oltre 4000 bambini. Ma non erano 1 su un milion‚Ä¶ 
68	1971 -¬†Maurice Hilleman ¬†(1919-2005), a cui si deve anche la combinazione di vaccini e quindi la nascita, nel¬†1971, del vaccino trivalente¬†morbillo-parotite-rosolia¬†(MPR).
69	Morbillino post vaccinazione mpr  (cos√¨ sembra pi√π piccino, pi√π carino e coccoloso del morbillo da cui dovrebbe proteggere). Da un gruppo di mamme, oggi. 
71	Il vaccino trivalente Mpr, contro morbillo, parotite e rosolia, non ha alcun legame con l‚Äôautismo. Lo conferma una ricerca condotta su pi√π di 650mila bambini.  
72	Il #vaccino trivalente Mpr, contro morbillo, parotite e rosolia, non ha alcun legame con l‚Äôautismo. Lo conferma una ricerca condotta su pi√π di 650mila bambini. Studio #novax contava 12 pazienti. 
73	Il 10 gennaio, in Corte Costituzionale si terr√† un‚Äôudienza pubblica che riguarda gli effetti avversi irreversibili da vaccino MPR, cio√® quello contro morbillo, parotite e rosolia. Ci spiega il caso l'avvocato Marcello Stanca  
74	La rivista scientifica dell'American Society for Microbiology afferma che il vaccino MPR offre una protezione indiretta contro i sintomi pi√π gravi del Covid-19. L'articolo evidenzia come questo sia in realt√† un sospetto, in attesa di verifiche cliniche. 
76	Dalla deludente risposta del Papa ai familiari delle vittime Covid agli aggiornamenti sulla situazione in Brasile passando per gli effetti avversi al vaccino pediatrico MPR, di cui si parla domani in Corte Costituzionale. Segui il TG di #Byoblu24.   
77	Era il 1998 quando Andrew Wakefield¬†fabbricava la bufala a cui purtroppo credono ancora oggi in molti: sosteneva che esistesse una correlazione tra la somministrazione del vaccino trivalente MPR (morbillo, parotite, rosolia) e l'insorgenza dell‚Äôautismo. Come fin√¨? 
78	I casi sono molteplici (come donne incinte, immunodepressi) ma per restare al morbillo vi faccio un esempio concreto.  La prima dose di vaccino MPR (che protegge, tra gli altri, dal morbillo) viene fatto tra i 13 ed i 15 mesi di et√†.  4/n
79	Perch√© nessuno si oppone al vaccino obbligato MPR (morbillo, parotite, rosolia) ai vostri neonati, se consideriamo che il morbillo ha fatto 13 morti in 3 anni in tutta Italia? E se nascondessero l√¨ la sostanza che si attiva col 5G e ammazza tutti?
80	esperti sul üíâ MPR Falso Mito  E‚Äô un mito comune che sia meglio acquisire l‚Äôimmunit√† dalla malattia piuttosto che dalla vaccinazione. Verit√† Questa convinzione errata sembra essere basata sulla falsa assunzione che la vaccinazione non conferisca un‚Äôimmunit√† a lungo termine [3].
82	"...Lo studio era firmato dallo stesso Wakefield e 11 coautori, in cui venivano correlati il vaccino MPR e lo sviluppo di disturbi dello spettro autistico. Wakefield non ha mai rinnegato la sua ricerca. Oggi una sentenza afferma l'esistenza di un ""nesso causuale"" / #medicieretici"
83	Tampone negativo pure lui, aveva fatto un vaccino (non so se mpr o richiamo esavalente) circa due settimane prima; la moglie/mamma era l'unica ancora in salute ma va a fare il #vaccinoCovid e la notte si alza la febbre, tosse, debolezzaüëâ influenza. Tampone negativo
84	avete qualche informazione o articolo in merito al vaccino per il covid?   vi prego √® importante, l‚Äôuniversit√† ci sta chiedendo la partecipazione alla prima dose, essendo un soggetto allergico e avendo avuto una bruttissima reazione all‚ÄôMPR da piccola vorrei avere info affidabili
85	Il vaccino contro il morbillo potrebbe proteggere dai sintomi pi√π gravi della covid. Il vaccino MPR (morbillo, parotite, rosolia) potrebbe attenuare l'infiammazione eccessiva nelle forme gravi di covid: test clinici diranno se √® vero.  
86	"Il problema ""politico"" √® che nessun ministro della sanit√† si sognerebbe di bloccare altri vaccini (MPR, HPV, meningite ecc.) perch√® non sono a #RischioZero per tenere a bada il popolino (o per altri motivi tipo ""l'ha fatto la Germaniah!""). Draghi √® ora del benservito üòå"
88	Significa che pi√π aumentano i nuovi vaccinati, pi√π si rafforza lo schermo di protezione attorno a chi, per motivi di et√† (es. &lt;12 mesi per MPR) o di immunosoppressione (es. chemioterapia o immunodeficit primari), non ha ancora ricevuto o non pu√≤ ricevere il vaccino.
89	"Ogni tanto leggo che il vaccino anticovid non sarebbe un vaccino ma un ""siero"" ecc. ecc.... ""se fosse davvero un vaccino me lo farei"" Allora il vaccino MPR (consolidato da decenni) lo fai ""no"" Ma un minimo, infinitesimo e microscopico uso della logica? Non pretendo altro. Eh."
90	La maggior parte delle reazioni avverse sono lievi e si presentano generalmente entro un giorno o due dall‚Äôinoculazione(salvo il vaccino MPR e MPRV in cui la febbre e altri sintomi sistemici possono presentarsi da 5 a 12 giorni dopo la vaccinazione), si risolvono rapidamente e
91	Volete ricordare a Bassetti che il vaccino mpr √®  stato testato da decenni e si distribuisce gi√†  da oltre 30 ai bambini in et√†  scolastica? Cosa c'entra paragonarlo  al nuovissimo vax mrna  ancora in fase di sperimentazione e distribuito per far fronte ad un'emergenza?#inonda 
92	La¬†Dr.ssa¬†Judy Mikovits, biochimica e biologa molecolare, afferma in questo video che gi√† dal¬†1994¬†il¬†CDC e l‚ÄôOMS¬†sapevano della presenza di retrovirus nel vaccino trivalente MPR. Ci√≤ perch√© vi √® l‚Äôenzima trascrittasi inversa presente solo nei retrovirus.  
95	Auguri a Bodgan oggi sono 24 anni‚ù§  Danneggiato da vaccino a 7 anni (richiamo MPR), la sua mamma che ho conosciuto, √® una forza della natura e ha anche scritto un libro di ricette per raccogliere fondi, le cure sono costose, se volete info scrivetemi. 
96	Nel 1998 l'ex medico britannico Andrew Wakefield mette in relazione il #vaccino trivalente MPR e la comparsa di #autismo e malattie intestinali. Gli studi sono stati smentiti, ma il messaggio #noVax si √® diffuso. La guerra dei vaccini, #StaseraInTv su History, canale 407 di Sky. 
97	Il tasso di trasmissibilit√† (Rzero) del #coronavirus  √® 2,5. Quello del morbillo (che causa esiti ben pi√π gravi) √® 15.  Il primo vaccino contro il morbillo √® del 1963 (il trivalente MPR √® del 1971).  Non ricordo casi di isteria di massa prima degli anni '60  #coronavirusitalia
98	Il tasso di trasmissibilit√† (Rzero) del #coranavirusitalia √® 2,5. Quello del morbillo (che pu√≤ causare effetti ben pi√π gravi) √® 15.  Il primo vaccino contro il morbillo √® del 1963 (quello trivalente MPR √® del 1971).  Non ricordo casi di isteria di massa prima degli anni '60
99	Pi√π ti vaccini meno ti ammali di Covid. Pare questo lo studio del Centro Cardiologico Monzino di Milano. Per quale vaccino? Semplicemente tutti. Antinfluenzale, MPR, HPV ecc ecc. Che poi pi√π che uno studio √® un ipotesi che necessita di ulteriori studi ad hoc per confermarlo. 
